state_id,file,owner_2026,loc_name,manpower,civs,mils,docks,infra,finance,services,renewable,extra_slots,category,pop_source,oil,coal,steel,aluminium,tungsten,chromium,copper,graphite,lithium,cobalt,rare_earths,rubber
1,1-France.txt,FRA,Corsica,363893,0,0,0,4,0,0,0,0,rural,wikidata/admin1,0,0,0,0,0,0,0,0,0,0,0,0
2,2-Italy.txt,ITA,Lazio,6239135,1,1,0,5,2,2,1,3,city,wikidata/admin1,1,0,1,0,0,0,0,0,0,0,0,0
3,3-Swiss Plateau.txt,SWI,Swiss Plateau,6245139,6,3,0,5,1,3,1,10,city,wikidata/admin1,0,0,0,0,0,0,0,0,0,0,0,0
4,4-Austria.txt,AUS,Lower Austria,2385195,1,1,0,5,1,2,1,3,large_town,wikidata/admin1,0,0,0,0,1,0,0,0,0,0,0,0
5,5-Germany.txt,POL,Ermland-Masuren,1880041,0,0,0,4,0,0,0,0,town,wikidata/admin1,0,0,0,0,0,0,0,0,0,0,0,0
6,6-Belgium.txt,BEL,Flanders,2507634,1,1,0,5,1,2,0,2,large_town,wikidata/admin1,0,0,0,0,0,0,0,0,0,0,0,0
7,7-Holland.txt,HOL,Holland,6980399,3,2,1,5,1,2,1,6,city,manual/2026,0,0,0,0,0,0,0,0,0,0,0,0
8,8-Luxemburg.txt,LUX,Luxembourg,687448,1,0,0,5,0,1,0,2,rural,wikidata/admin1,0,0,0,0,0,0,0,0,0,0,0,0
9,9-Czechoslovakia.txt,CZE,Bohemia,2722881,1,3,0,4,0,1,0,2,large_town,wikidata/admin1,0,1,1,0,0,0,0,0,0,0,0,0
10,10-Poland.txt,POL,Warsaw,5192729,1,1,0,5,1,2,0,1,city,wikidata/admin1,0,0,0,0,0,0,0,0,0,0,0,0
11,11-Kaunas.txt,LIT,Kaunas,311703,0,0,0,5,0,1,0,1,rural,wikidata/admin1,0,0,0,0,0,0,0,0,0,0,0,0
12,12-Latvia.txt,LAT,Vidzeme,917447,1,0,0,4,0,0,0,0,town,manual/2026,0,0,0,0,0,0,0,0,0,0,0,0
13,13-Estonia.txt,EST,Pärnu,109965,0,0,0,5,0,0,0,1,pastoral,wikidata/admin1,0,0,0,0,0,0,0,0,0,0,0,0
14,14-Brittany.txt,FRA,Brittany,3530943,1,0,1,4,0,1,1,1,large_town,wikidata/admin1,0,0,0,1,0,0,0,0,0,0,0,0
15,15-Normandy.txt,FRA,Normandy,3424967,0,0,1,4,0,1,0,0,large_town,wikidata/admin1,0,0,0,0,0,0,0,0,0,0,0,0
16,16-Ile de France.txt,FRA,Ile de France,12757003,3,2,0,5,2,2,1,4,large_city,wikidata/admin1,0,0,1,1,0,0,0,0,0,0,0,0
17,17-Alcase Lorraine.txt,FRA,Franche-Comte,554761,0,0,0,4,0,0,0,0,rural,wikidata/admin1,0,0,0,0,0,0,0,0,0,0,0,0
18,18-Champagne.txt,FRA,Champagne,1370674,0,0,0,4,0,0,0,0,town,wikidata/admin1,0,0,0,0,0,0,0,0,0,0,0,0
19,19-Aquitaine.txt,FRA,Aquitaine,3395329,0,2,0,4,0,1,0,0,large_town,wikidata/admin1,0,0,0,0,0,0,0,0,0,0,0,0
20,20-Franche-comte.txt,FRA,Rhone,652735,3,2,0,4,0,0,0,5,rural,wikidata/admin1,0,0,0,0,0,0,0,0,0,0,0,0
21,21-Bouches-du-Rhone.txt,FRA,Bouches-du-Rhône,2137028,3,2,0,4,0,1,0,3,large_town,wikidata/admin1,0,0,0,0,0,0,0,0,0,0,0,0
22,22-Roussillion.txt,FRA,Languedoc,2794275,0,0,0,4,0,1,0,0,large_town,wikidata/admin1,0,0,0,0,0,0,0,0,0,0,0,0
23,23-Poitou.txt,FRA,Poitou,1832105,0,0,0,4,0,0,0,0,town,wikidata/admin1,0,0,0,0,0,0,0,0,0,0,0,0
24,24-Centre.txt,FRA,Centre,2648211,0,1,0,4,0,1,0,0,large_town,wikidata/admin1,0,0,0,0,0,0,0,0,0,0,0,0
25,25-Limousin.txt,FRA,Limousin,746772,0,0,0,4,0,0,0,0,rural,wikidata/admin1,0,0,0,0,0,0,0,0,0,0,0,0
26,26-Bourgogne.txt,FRA,Auvergne,832214,0,0,0,4,0,0,0,0,town,wikidata/admin1,0,0,0,0,0,0,0,0,0,0,0,0
27,27-Champagne2.txt,FRA,Bourgogne,2036735,0,0,0,4,0,1,0,0,large_town,wikidata/admin1,0,0,0,0,0,0,0,0,0,0,0,0
28,28-Alcase.txt,FRA,Alsace-Lorraine,2400658,2,0,0,4,0,1,0,0,large_town,wikidata/admin1,0,0,0,0,0,0,0,0,0,0,0,0
29,29-Pas de Calais.txt,FRA,Nord-Pas-de-Calais,4156772,2,0,0,4,0,1,1,1,large_town,wikidata/admin1,0,0,0,1,0,0,0,0,0,0,0,0
30,30-Loire.txt,FRA,Loire,792440,0,0,1,4,0,0,0,1,rural,wikidata/admin1,0,0,0,0,0,0,0,0,0,0,0,0
31,31-Midi Pyrenees.txt,FRA,Midi Pyrenees,3024019,0,0,0,4,0,1,0,0,large_town,wikidata/admin1,0,0,0,0,0,0,0,0,0,0,0,0
32,32-Rhone Alpes.txt,FRA,Alpes,6551277,3,2,0,4,0,1,1,3,city,wikidata/admin1,0,0,1,1,0,0,0,0,0,0,0,0
33,33-Centre sud.txt,FRA,Centre-Sud,2648211,0,1,0,4,0,1,0,0,large_town,wikidata/admin1,0,0,0,0,0,0,0,0,0,0,0,0
34,34-Wallonie.txt,BEL,Wallonia,5797549,2,2,0,5,0,1,1,2,city,wikidata/admin1,0,0,0,0,0,0,0,0,0,0,0,0
35,35-Gelderland.txt,HOL,Brabant,7446101,3,1,0,5,0,1,1,2,city,manual/2026,0,0,1,1,0,0,0,0,0,0,0,0
36,36-Friesland.txt,HOL,Friesland,3865831,1,0,0,5,0,1,0,0,large_town,manual/2026,0,0,0,0,0,0,0,0,0,0,0,0
37,37-Denmark.txt,DEN,Sjaelland,929748,0,0,0,5,1,2,0,1,town,wikidata/admin1,0,0,0,0,0,0,0,0,0,0,0,0
38,38-Sweden.txt,SWE,Gävleborg,475272,0,0,0,5,0,0,0,0,rural,wikidata/admin1,0,0,0,0,0,0,0,0,0,0,0,0
39,39-South Tyrol.txt,ITA,South Tyrol,579332,0,0,0,4,0,0,0,0,rural,wikidata/admin1,0,0,0,0,0,0,0,0,0,0,0,0
40,40-USSR.txt,SOV,Altai Krai,1830794,0,0,0,2,0,0,0,0,town,wikidata/admin1,0,0,0,0,0,0,0,0,0,0,0,0
41,41-Madrid.txt,SPR,Madrid,8243085,2,2,0,5,1,2,1,4,city,wikidata/admin1,0,0,1,0,0,0,1,0,0,0,0,0
42,42-Rhineland.txt,GER,Moselland,6898626,7,2,0,5,0,2,1,8,city,census/admin,0,0,0,1,0,0,0,0,0,0,0,0
43,43-Hungary.txt,HUN,Northern Hungary,4010856,1,0,0,4,0,1,0,0,large_town,wikidata/admin1,0,0,0,0,0,0,0,0,0,0,0,0
44,44-Albania.txt,ALB,Central Albania,2166642,1,0,0,3,0,0,0,0,large_town,manual/2026,0,0,0,0,0,5,0,0,0,0,0,0
45,45-Yugoslavia.txt,SER,Vojvodina,1577692,0,0,0,1,0,0,0,0,town,wikidata/admin1,0,1,0,0,0,0,0,0,0,0,0,0
46,46-Romania.txt,ROM,Muntenia,5506343,1,3,0,3,1,2,1,4,city,wikidata/admin1,1,1,1,1,0,0,0,0,0,0,0,0
47,47-Greece.txt,GRE,Attica,4612618,1,2,0,5,0,1,1,2,large_town,wikidata/admin1,0,1,0,0,0,0,0,0,0,0,0,0
48,48-Bulgaria.txt,BUL,Sofia,450442,0,1,0,4,0,1,0,2,rural,wikidata/admin1,0,0,0,0,0,0,0,0,0,0,0,0
49,49-Turkey.txt,TUR,Ankara,9713265,2,4,0,4,1,2,1,6,city,wikidata/admin1,1,0,0,0,0,0,1,0,0,0,0,0
50,50-Baden.txt,GER,Württemberg,9556995,3,0,0,5,0,1,1,1,city,census/admin,1,0,0,1,0,0,0,0,0,0,0,0
51,51-Moselland.txt,GER,Rhineland,6071972,7,1,0,5,0,2,1,7,city,census/admin,0,0,0,0,0,0,0,0,0,0,0,0
52,52-Wuttemberg.txt,GER,Oberbayern,6071225,5,1,0,5,0,2,1,5,city,census/admin,0,0,0,0,0,0,0,0,0,0,0,0
53,53-Oberbayern.txt,GER,Niederbayern,3286245,2,1,0,5,0,1,0,1,large_town,census/admin,0,0,0,0,0,0,0,0,0,0,0,0
54,54-Bayreuth.txt,GER,Franken,6231307,1,2,0,5,0,1,1,1,city,census/admin,0,0,0,1,0,0,0,0,0,0,0,0
55,55-Nassau.txt,GER,Hessen,7329052,2,0,0,5,0,1,1,0,city,census/admin,0,0,0,1,0,0,0,0,0,0,0,0
56,56-Weser-Ems.txt,GER,Weser-Ems,1730936,0,0,0,5,0,0,0,0,town,census/admin,0,0,1,0,0,0,0,0,0,0,0,0
57,57-Westfalen.txt,GER,Westfalen,7853215,4,2,0,5,0,2,1,5,city,census/admin,1,3,4,1,0,0,0,0,0,0,0,0
58,58-Schleswig - Holstein.txt,GER,Holstein,2969311,0,0,2,5,0,1,0,0,large_town,census/admin,0,0,0,0,0,0,0,0,0,0,0,0
59,59-Ost - Hannover.txt,GER,Hannover,4923253,0,1,0,5,0,1,1,0,large_town,census/admin,0,0,0,0,0,0,0,0,0,0,0,0
60,60-Sud-Hannover.txt,GER,Thüringen,2768878,0,1,0,5,0,1,0,0,large_town,census/admin,0,0,0,0,0,0,0,0,0,0,0,0
61,61-Mecklenburg.txt,GER,Mecklenburg,982467,0,0,0,5,0,0,0,0,town,census/admin,0,0,0,0,0,0,0,0,0,0,0,0
62,62-Pommern.txt,GER,Vorpommern,878879,0,0,0,5,0,0,0,0,town,census/admin,0,0,0,0,0,0,0,0,0,0,0,0
63,63-WestPrussen.txt,POL,Hinterpommern,2121874,1,0,0,4,0,1,0,0,large_town,wikidata/admin1,0,0,0,0,0,0,0,0,0,0,0,0
64,64-Brandenburg.txt,GER,Brandenburg,7329052,1,1,0,5,2,2,1,3,city,census/admin,0,2,0,1,0,0,0,0,0,0,0,0
65,65-Sachsen.txt,GER,Sachsen,4653366,3,1,0,5,0,1,1,3,large_town,census/admin,0,3,2,0,0,0,0,0,0,0,0,0
66,66-Niederschlesien.txt,POL,Lower Silesia,3811889,1,0,0,4,0,1,0,0,large_town,wikidata/admin1,0,2,0,0,0,0,6,0,0,0,0,0
67,67-Oberschlesien.txt,POL,Upper Silesia,5702437,1,1,0,4,0,1,1,0,city,wikidata/admin1,1,2,1,0,0,0,5,0,0,0,0,0
68,68-Wartheland.txt,POL,Ostmark,1334725,0,0,0,4,0,0,0,0,town,wikidata/admin1,0,0,0,0,0,0,0,0,0,0,0,0
69,69-Sudatenland.txt,CZE,North Sudetenland,2060107,1,0,0,3,0,1,0,0,large_town,wikidata/admin1,0,0,0,0,0,0,0,0,0,0,0,0
70,70-Slovakia.txt,SLO,Western Slovakia,1924188,0,1,0,4,0,1,0,0,town,wikidata/admin1,0,0,0,0,0,0,0,0,0,0,0,0
71,71-East Slovakia.txt,SLO,Eastern Slovakia,2489396,1,1,0,3,0,1,0,0,large_town,wikidata/admin1,0,0,1,1,0,0,0,0,0,0,0,0
72,72-Zaolzie.txt,CZE,Trans-Olza,360190,0,0,0,3,0,0,0,0,rural,wikidata/admin1,0,0,0,0,0,0,0,0,0,0,0,0
73,73-Carpathian Ruthenia.txt,UKR,Carpathian Ruthenia,1156389,0,0,0,1,0,0,0,0,town,wikidata/admin1,0,0,0,0,0,0,0,0,0,0,0,0
74,74-East Sudatenland.txt,CZE,Sudeten Silesia,1863844,0,0,0,3,0,0,0,0,town,wikidata/admin1,0,0,0,0,0,0,0,0,0,0,0,0
75,75-Moravia.txt,CZE,Moravia,2299102,1,1,0,3,0,1,0,0,large_town,wikidata/admin1,0,1,0,0,0,0,0,0,0,0,0,0
76,76-Northern Transylvania.txt,ROM,North Transylvania,1843963,0,0,0,2,0,0,0,0,town,wikidata/admin1,0,0,0,0,0,0,0,0,0,0,0,0
77,77-Dobrogea.txt,BUL,Dobrudja,505102,0,0,0,3,0,0,0,0,rural,manual/2026,0,0,0,0,0,0,0,0,0,0,0,0
78,78-Bessarabia.txt,MOL,Bessarabia,2496359,1,0,0,2,0,0,0,0,large_town,country-wpp2026,0,0,0,0,0,0,0,0,0,0,0,0
79,79-moldovia.txt,ROM,Moldova,3846229,1,0,0,2,0,1,0,0,large_town,wikidata/admin1,1,0,0,1,0,0,0,0,0,0,0,0
80,80-Bocovina.txt,UKR,Bucovina,827428,0,0,0,1,0,0,0,0,town,wikidata/admin1,0,0,0,0,0,0,0,0,0,0,0,0
81,81-Oltenia.txt,ROM,Oltenia,1775551,0,0,0,2,0,0,0,0,town,wikidata/admin1,0,0,0,0,0,0,0,0,0,0,0,0
82,82-Banat.txt,ROM,Banat,1238847,0,0,0,2,0,0,0,0,town,wikidata/admin1,0,0,0,0,0,0,0,0,0,0,0,0
83,83-crisana.txt,ROM,Crisana,835807,0,0,0,2,0,0,0,0,town,wikidata/admin1,0,0,0,0,0,0,0,0,0,0,0,0
84,84-Transylvania.txt,ROM,Transylvania,2948964,1,0,0,2,0,1,0,0,large_town,wikidata/admin1,1,0,0,1,0,0,0,0,0,0,0,0
85,85-Danzig.txt,POL,Danzig,29713,0,0,0,3,0,0,0,2,wasteland,wikidata/admin1,0,0,0,0,0,0,0,0,0,0,0,0
86,86-Poznan.txt,POL,Poznań,4570575,1,0,0,4,0,1,0,0,large_town,wikidata/admin1,0,0,0,0,0,0,0,0,0,0,0,0
87,87-Lodz.txt,POL,Łódz,3279995,1,0,0,4,0,1,0,0,large_town,wikidata/admin1,0,0,0,0,0,0,0,0,0,0,0,0
88,88-Kielce.txt,POL,Kraków,218128,0,1,0,4,0,0,0,1,rural,wikidata/admin1,0,1,0,0,0,0,0,0,0,0,0,0
89,89-Krakow.txt,UKR,Stanisławów,1256137,0,0,0,1,0,0,0,0,town,wikidata/admin1,0,0,0,0,0,0,0,0,0,0,0,0
90,90-Lwow.txt,POL,Kielce,26250,0,1,0,3,0,0,0,3,wasteland,wikidata/admin1,0,0,0,0,0,0,0,0,0,0,0,0
91,91-Tarnopol.txt,UKR,Lwów,2302725,0,0,0,1,0,1,0,0,large_town,wikidata/admin1,0,0,0,0,0,0,0,0,0,0,0,0
92,92-Lublin.txt,POL,Lublin,2813678,1,1,0,4,0,1,0,0,large_town,wikidata/admin1,0,0,0,0,0,0,0,0,0,0,0,0
93,93-Volhynian.txt,UKR,Wołyn,2010027,0,0,0,1,0,1,0,0,large_town,wikidata/admin1,0,0,0,0,0,0,0,0,0,0,0,0
94,94-Polesie.txt,BLR,Polesie,1111988,0,0,0,2,0,0,0,0,town,wikidata/admin1,0,0,0,0,0,0,0,0,0,0,0,0
95,95-Nowogrodek.txt,BLR,Nowogródek,841096,0,0,0,2,0,0,0,0,town,wikidata/admin1,0,0,0,0,0,0,0,0,0,0,0,0
96,96-Wilejka.txt,BLR,Wilejka,1253382,0,0,0,2,0,0,0,0,town,wikidata/admin1,0,0,0,0,0,0,0,0,0,0,0,0
97,97-Bialystok.txt,POL,Białystok,1560387,0,0,0,4,0,0,0,0,town,wikidata/admin1,0,0,0,0,0,0,0,0,0,0,0,0
98,98-Mazurskie.txt,POL,Płock,1988450,0,0,0,4,0,0,0,0,town,wikidata/admin1,0,0,0,0,0,0,0,0,0,0,0,0
99,99-Jutland.txt,DEN,Jutland,3018702,2,1,0,5,0,1,1,2,large_town,wikidata/admin1,2,0,0,0,0,0,0,0,0,0,0,0
100,100-Iceland.txt,ICE,Iceland,402329,1,0,0,5,0,0,0,1,rural,country-wpp2026,0,0,0,10,0,0,0,0,0,0,0,0
101,101-Greenland.txt,GRN,Greenland,55629,1,0,0,3,0,0,0,2,pastoral,country-wpp2026,0,0,0,0,0,0,0,0,0,0,0,0
102,102-North-Eastern Slovenia.txt,SLV,North Slovenia,1389469,1,0,0,5,0,0,0,0,town,manual/2026,0,0,0,0,0,0,0,0,0,0,0,0
103,103-Croatia.txt,CRO,Dalmatia,2345449,1,1,0,3,0,1,0,0,large_town,manual/2026,0,0,0,0,0,0,0,0,0,0,0,0
104,104-Bosnia.txt,BOS,Bosnia,3067012,1,2,0,3,0,0,0,0,large_town,wikidata/admin1,0,0,0,1,0,0,0,0,0,0,0,0
105,105-Montenegro.txt,MNT,Montenegro,626233,1,0,0,3,0,0,0,1,rural,country-wpp2026,0,0,0,1,0,0,0,0,0,0,0,0
106,106-Macedonia.txt,MAC,Macedonia,1788747,1,0,0,4,0,0,0,0,town,manual/2026,0,0,0,0,0,0,0,0,0,0,0,0
107,107-Kosavo.txt,SER,Serbia,1523087,0,1,0,2,0,1,0,0,town,manual/2026,0,0,0,0,0,0,0,0,0,0,0,0
108,108-Eastern Serbia.txt,SER,Morava,1994519,1,2,0,1,0,0,0,1,town,manual/2026,0,1,0,0,0,0,0,0,0,0,0,0
109,109-Eastern Croatia.txt,CRO,Croatia,190697,0,1,0,4,0,1,0,3,pastoral,manual/2026,0,0,0,0,0,0,0,0,0,0,0,0
110,110-Norway.txt,NOR,Oslofjord,2331722,2,2,0,5,1,2,1,5,large_town,wikidata/admin1,1,0,0,0,0,0,0,0,0,0,0,0
111,111-Uusima.txt,FIN,Uusimaa,1724198,1,1,0,5,0,1,1,2,town,wikidata/admin1,0,0,1,0,0,0,0,0,0,0,0,0
112,112-Lisbon.txt,POR,Lisbon,4747703,1,1,0,5,0,1,1,1,large_town,wikidata/admin1,0,0,0,0,1,0,0,0,0,0,0,0
113,113-Ireland.txt,IRE,Leinster,3155435,5,0,0,5,1,3,0,6,large_town,wikidata/admin1,0,0,0,0,0,0,0,0,0,0,0,0
114,114-Sardinia.txt,ITA,Sardinia,1776006,0,0,0,4,0,0,0,0,town,wikidata/admin1,0,0,0,0,0,0,0,0,0,0,0,0
115,115-Sicily.txt,ITA,Sicily,5435258,0,0,0,4,0,1,1,0,city,wikidata/admin1,0,0,1,0,0,0,0,0,0,0,0,0
116,116-Malta.txt,MLT,Malta,549011,1,0,0,5,0,0,0,2,small_island,wikidata/admin1,0,0,0,0,0,0,0,0,0,0,0,0
117,117-Napoli.txt,ITA,Campania,6310940,1,1,2,4,0,1,1,2,city,wikidata/admin1,1,0,1,0,0,0,0,0,0,0,0,0
118,118-Gibralter.txt,ENG,Gibraltar,41843,0,0,0,4,0,0,0,2,enclave,census/admin,0,0,0,0,0,0,0,0,0,0,0,0
119,119-Northern Ireland.txt,ENG,Northern Ireland,2350587,0,0,0,4,0,1,0,0,large_town,census/admin,0,0,0,0,0,0,0,0,0,0,0,0
120,120-Scottish Highlands.txt,ENG,Scottish Highlands,492270,0,0,0,4,0,0,0,0,rural,census/admin,0,0,0,0,0,0,0,0,0,0,0,0
121,121-Scottish Lowlands.txt,ENG,Lothian,2707482,0,0,1,4,0,1,0,0,large_town,census/admin,0,0,0,0,0,0,0,0,0,0,0,0
122,122-Wales.txt,ENG,Wales,3815089,0,0,0,4,0,1,0,0,large_town,census/admin,0,0,0,0,0,0,0,0,0,0,0,0
123,123-Cornwall.txt,ENG,South-West England,701484,0,0,0,4,0,0,0,0,rural,census/admin,0,0,0,0,0,0,0,0,0,0,0,0
124,124-Gotland.txt,SWE,Gotland,43758,0,0,0,5,0,0,0,1,small_island,wikidata/admin1,0,0,0,0,0,0,0,0,0,0,0,0
125,125-East Anglia.txt,ENG,East Anglia,7876313,1,0,0,4,0,1,1,0,city,census/admin,4,0,0,0,0,0,0,0,0,0,0,0
126,126-Greater London Area.txt,ENG,Greater London Area,12058675,3,0,0,5,2,2,1,2,large_city,census/admin,0,0,1,0,0,0,0,0,0,0,0,0
127,127-South-east England.txt,ENG,Sussex,2215213,0,0,0,4,0,1,0,0,large_town,census/admin,0,0,0,0,0,0,0,0,0,0,0,0
128,128-West Midlands.txt,ENG,West Midlands,7384043,6,2,0,4,0,2,0,6,city,census/admin,0,0,0,0,0,0,0,0,0,0,0,0
129,129-East Midlands.txt,ENG,East Midlands,6030302,1,0,0,4,0,1,0,0,city,census/admin,0,0,0,0,0,0,0,0,0,0,0,0
130,130-Yorkshire.txt,ENG,Yorkshire,6768706,4,2,0,4,0,2,0,4,city,census/admin,0,0,0,0,0,0,0,0,0,0,0,0
131,131-Northern England.txt,ENG,Northumberland,3322819,0,2,0,4,0,1,0,0,large_town,census/admin,0,0,0,0,0,0,0,0,0,0,0,0
132,132-North-west England.txt,ENG,Lancashire,9230054,5,3,0,4,0,2,1,7,city,census/admin,0,0,0,0,0,0,0,0,0,0,0,0
133,133-Strathclyde.txt,ENG,Lanark,2215213,0,0,1,4,0,1,0,0,large_town,census/admin,0,0,0,0,0,0,0,0,0,0,0,0
134,134-Connaught.txt,IRE,Connaught,706886,1,0,0,4,0,0,0,1,rural,wikidata/admin1,0,0,0,0,0,0,0,0,0,0,0,0
135,135-Munster.txt,IRE,Munster,1494629,2,0,0,4,0,0,0,0,town,wikidata/admin1,0,0,0,0,0,0,0,0,0,0,0,0
136,136-Aberdeenshire.txt,ENG,Aberdeenshire,713791,0,0,0,4,0,0,0,0,rural,census/admin,15,0,0,0,0,0,0,0,0,0,0,0
137,137-Crimea.txt,UKR,Crimea,1819223,0,0,0,1,0,0,0,0,town,wikidata/admin1,0,0,0,0,0,0,0,0,0,0,0,0
138,138-Skane.txt,SWE,Skåne,2406847,1,1,1,5,0,1,1,2,large_town,wikidata/admin1,0,0,0,0,0,0,1,0,0,0,0,0
139,139-Smaland.txt,SWE,Småland,1371804,1,0,0,5,0,0,0,0,town,wikidata/admin1,0,0,0,0,0,0,0,0,0,0,0,0
140,140-Vaster Gotland.txt,SWE,Västergötland,58181,0,1,0,4,0,0,0,2,pastoral,wikidata/admin1,0,0,0,0,0,0,0,0,0,0,0,0
141,141-Sodermanland.txt,SWE,Södermanland,504110,0,0,0,5,1,2,0,3,rural,wikidata/admin1,0,0,0,0,0,0,0,0,0,0,0,0
142,142-Vestlandet.txt,NOR,Vestlandet,836671,1,0,0,4,0,0,1,0,town,wikidata/admin1,50,0,0,7,0,0,0,0,0,0,0,0
143,143-Midt-Noreg.txt,NOR,Trøndelag,613260,1,0,0,4,0,0,0,1,rural,wikidata/admin1,0,0,0,0,0,0,0,0,0,0,0,0
144,144-Nord-Noreg.txt,NOR,Nordland,321636,0,0,0,4,0,0,0,0,rural,wikidata/admin1,0,0,0,5,0,0,0,0,0,0,0,0
145,145-Aland.txt,FIN,Åland,29544,0,0,0,5,0,0,0,1,small_island,wikidata/admin1,0,0,0,0,0,0,0,0,0,0,0,0
146,146-Karelia.txt,SOV,Karelian Isthmus,26467,0,0,0,1,0,0,0,2,wasteland,wikidata/admin1,1,1,0,1,1,0,0,0,0,1,0,0
147,147-Salla.txt,SOV,Salla,386786,0,0,0,2,0,0,0,2,enclave,wikidata/admin1,1,1,0,1,0,0,0,0,0,0,0,0
148,148-Lappi.txt,FIN,Lappi,345081,0,0,0,5,0,0,0,0,rural,wikidata/admin1,0,0,0,0,0,16,0,0,0,0,0,0
149,149-Vaasa.txt,FIN,Vaasa,418230,0,0,0,5,0,0,0,0,rural,wikidata/admin1,0,0,0,0,0,0,0,0,0,0,0,0
150,150-Kuopio.txt,FIN,Kuopio,459041,0,0,0,5,0,0,0,0,rural,wikidata/admin1,0,0,0,0,0,0,0,0,0,0,0,0
151,151-Eastern Swiss Alps.txt,SWI,Eastern Swiss Alps,1473272,1,0,0,5,0,0,0,0,town,wikidata/admin1,0,0,0,0,0,0,0,0,0,0,0,0
152,152-Upper Austria.txt,AUS,Upper Austria,2120105,1,2,0,4,0,1,0,1,large_town,wikidata/admin1,0,0,0,0,0,0,0,0,0,0,0,0
153,153-Tyrol.txt,AUS,Tyrol,1073722,1,0,0,4,0,0,0,0,town,wikidata/admin1,0,0,0,0,0,0,0,0,0,0,0,0
154,154-Southern plain.txt,HUN,Transtisza,2120663,1,0,0,3,0,1,0,0,large_town,wikidata/admin1,0,0,0,0,0,0,0,0,0,0,0,0
155,155-Western Hungary.txt,HUN,North Transdanubia,1808622,0,1,0,3,0,0,0,0,town,wikidata/admin1,0,0,0,0,0,0,0,0,0,0,0,0
156,156-Calabria.txt,ITA,Calabria,2123649,0,0,0,4,0,1,0,0,large_town,wikidata/admin1,0,0,0,0,0,0,0,0,0,0,0,0
157,157-Abruzzo.txt,ITA,Abruzzo,1427070,0,0,0,4,0,0,0,0,town,wikidata/admin1,0,0,0,0,0,0,0,0,0,0,0,0
158,158-Piedmont.txt,ITA,Piedmont,4734945,4,3,1,4,0,2,0,7,large_town,wikidata/admin1,0,0,0,0,0,0,0,0,0,0,0,0
159,159-Lombardy.txt,ITA,Lombardy,10980169,6,3,0,4,0,2,1,8,city,wikidata/admin1,1,0,1,0,0,0,0,0,0,0,0,0
160,160-Veneto.txt,ITA,Veneto,5311308,3,0,0,4,0,1,0,0,city,wikidata/admin1,0,0,0,0,0,0,0,0,0,0,0,0
161,161-Emilia Romagna.txt,ITA,Emilia Romagna,4863754,3,0,0,4,0,1,0,1,large_town,wikidata/admin1,0,0,0,0,0,0,0,0,0,0,0,0
162,162-Tuscany.txt,ITA,Tuscany,4067754,0,1,0,4,0,1,0,0,large_town,wikidata/admin1,0,0,0,0,0,0,0,0,0,0,0,0
163,163-Dalmatia.txt,CRO,Zadar,578843,0,0,0,3,0,0,0,2,enclave,wikidata/admin1,0,0,0,0,0,0,0,0,0,0,0,0
164,164-Dodecanese.txt,GRE,Dodecanese,241874,0,0,0,4,0,0,0,1,small_island,manual/2026,0,0,0,0,0,0,0,0,0,0,0,0
165,165-Catalonia.txt,SPR,Catalonia,9459264,3,0,0,4,0,1,1,1,city,wikidata/admin1,0,0,1,1,0,0,1,0,0,0,0,0
166,166-Western Aragon.txt,SPR,Western Aragón,511892,0,0,0,4,0,0,0,0,rural,wikidata/admin1,0,0,0,0,0,0,0,0,0,0,0,0
167,167-Valencia.txt,SPR,Valencia,6259138,2,0,0,4,0,1,1,0,city,wikidata/admin1,0,0,0,0,0,0,1,0,0,0,0,0
168,168-Murcia.txt,SPR,Murcia,1868354,1,0,0,4,0,0,0,0,town,wikidata/admin1,0,0,0,0,0,0,0,0,0,0,0,0
169,169-Sevilla.txt,SPR,Sevilla,2316618,1,2,1,4,0,1,0,2,large_town,wikidata/admin1,0,0,0,0,0,0,0,0,0,0,0,0
170,170-Extremadura.txt,SPR,Extremadura,1239445,0,0,0,4,0,0,0,0,town,wikidata/admin1,0,0,0,0,1,0,0,0,0,0,0,0
171,171-Galicia.txt,SPR,Galicia,3182644,1,1,1,4,0,1,1,2,large_town,wikidata/admin1,0,0,0,0,0,0,1,0,0,0,0,0
172,172-Navarre.txt,SPR,Navarra,798604,0,0,0,4,0,0,0,0,rural,wikidata/admin1,0,0,0,0,0,0,0,0,0,0,0,0
173,173-Granada.txt,SPR,Granada,1103284,0,0,0,4,0,0,0,0,town,wikidata/admin1,0,0,0,0,0,0,0,0,0,0,0,0
174,174-Leon.txt,SPR,León,525597,0,0,0,4,0,0,0,0,rural,wikidata/admin1,0,0,0,0,0,0,0,0,0,0,0,0
175,175-Ciudad Real.txt,SPR,Ciudad Real,579983,0,0,0,4,0,0,0,0,rural,wikidata/admin1,0,0,0,0,0,0,0,0,0,0,0,0
176,176-Burgos.txt,SPR,Burgos,422588,0,0,0,4,0,0,0,0,rural,wikidata/admin1,0,0,0,0,0,0,0,0,0,0,0,0
177,177-Balearic Islands.txt,SPR,Islas Baleares,1385275,0,0,0,4,0,0,0,0,town,wikidata/admin1,0,0,0,0,0,0,0,0,0,0,0,0
178,178-Canary islands.txt,SPR,Islas Canarias,2624028,1,0,0,4,0,0,0,2,small_island,wikidata/admin1,0,0,0,0,0,0,0,0,0,0,0,0
179,179-Beja.txt,POR,Beja,311180,0,0,0,4,0,0,0,0,rural,manual/2026,0,0,0,0,0,0,0,0,0,0,0,0
180,180-Porto.txt,POR,Porto,4039057,1,0,0,4,0,1,0,0,large_town,wikidata/admin1,0,0,0,0,0,0,0,0,0,0,0,0
181,181-Guarda.txt,POR,Guarda,86915,0,0,0,3,0,0,0,1,pastoral,wikidata/admin1,0,0,0,0,0,0,0,0,0,0,0,0
182,182-Crete.txt,GRE,Crete,755141,0,0,0,4,0,0,0,0,rural,wikidata/admin1,0,0,0,0,0,0,0,0,0,0,0,0
183,183-Cyprus.txt,CYP,Cyprus,972870,1,0,0,3,0,0,0,0,town,country-wpp2026,0,0,0,0,0,0,0,0,0,0,0,0
184,184-Thrace.txt,GRE,Thrace,679910,0,0,0,4,0,0,0,0,rural,wikidata/admin1,0,0,0,0,0,0,0,0,0,0,0,0
185,185-Epirus.txt,GRE,Epirus,386988,0,0,0,4,0,0,0,0,rural,wikidata/admin1,0,0,0,0,0,0,0,0,0,0,0,0
186,186-Peloponnese.txt,GRE,Peloponnese,652498,0,0,0,4,0,0,0,0,rural,wikidata/admin1,0,0,0,0,0,0,0,0,0,0,0,0
187,187-Aegean Islands.txt,GRE,Aegean Islands,396456,0,0,0,4,0,0,0,1,small_island,wikidata/admin1,0,0,0,0,0,0,0,0,0,0,0,0
188,188-Memel.txt,LIT,Memel,395680,0,0,0,4,0,0,0,0,rural,wikidata/admin1,0,0,0,0,0,0,0,0,0,0,0,0
189,189-Kaunas.txt,LIT,Žemaitija,371497,0,0,0,4,0,0,0,0,rural,wikidata/admin1,0,0,0,0,0,0,0,0,0,0,0,0
190,190-Kurzeme.txt,LAT,Kurzeme,24809,0,0,0,2,0,0,0,2,wasteland,wikidata/admin1,0,0,0,0,0,0,0,0,0,0,0,0
191,191-Tartu.txt,EST,Tartu,204274,0,0,0,4,0,0,0,0,rural,wikidata/admin1,0,0,0,0,0,0,0,0,0,0,0,0
192,192-Odessa.txt,UKR,Odessa,434071,0,0,0,1,0,0,0,0,rural,wikidata/admin1,0,0,0,0,0,0,0,0,0,0,0,0
193,193-Kiev.txt,UKR,Chernigov,891412,0,2,0,1,0,0,0,0,town,wikidata/admin1,0,0,0,0,0,0,0,0,0,0,0,0
194,194-Pinsk Marches.txt,BLR,Mozyr,1134422,0,0,0,2,0,0,0,0,town,wikidata/admin1,0,0,0,0,0,0,0,0,0,0,0,0
195,195-Leningrad Area.txt,SOV,Leningrad,4930166,1,0,1,2,0,1,0,0,large_town,wikidata/admin1,1,1,0,0,0,1,0,0,0,0,0,0
196,196-Kherson.txt,UKR,Kherson,367517,0,0,0,1,0,0,0,0,rural,wikidata/admin1,0,0,0,0,0,0,0,0,0,0,0,0
197,197-Mykolaiv.txt,UKR,Mykolaiv,1014539,0,1,0,1,0,0,0,0,town,wikidata/admin1,0,0,0,0,0,0,0,0,0,0,0,0
198,198-Vinnytsia.txt,UKR,Vinnytsia,1402668,0,0,0,1,0,0,0,0,town,wikidata/admin1,0,0,0,0,0,0,0,0,0,0,0,0
199,199-Khmelnytskyi.txt,UKR,Proskuriv,1141849,0,0,0,1,0,0,0,0,town,wikidata/admin1,0,0,0,0,0,0,0,0,0,0,0,0
200,200-Rivne.txt,UKR,Zaporozhe,1060966,0,0,0,1,0,0,0,0,town,wikidata/admin1,0,0,0,0,0,0,0,0,0,0,0,0
201,201-Zhytomyr.txt,UKR,Zhytomyr,1095577,0,0,0,1,0,0,0,0,town,wikidata/admin1,0,0,0,0,0,0,0,0,0,0,0,0
202,202-Western Kiev.txt,UKR,Kiev,4411349,1,2,0,2,0,1,1,2,large_town,wikidata/admin1,0,1,1,0,0,0,0,1,0,0,0,0
203,203-Cherkasy.txt,UKR,Cherkasy,1078584,0,0,0,1,0,0,0,0,town,wikidata/admin1,0,0,0,0,0,0,0,0,0,0,0,0
204,204-Brest.txt,BLR,Bobruysk,828892,0,0,0,2,0,0,0,0,town,wikidata/admin1,0,0,0,0,0,0,0,0,0,0,0,0
205,205-Hrodna.txt,SOV,Kaluga,872999,0,0,0,2,0,0,0,0,town,wikidata/admin1,1,1,0,0,0,0,0,0,0,0,0,0
206,206-Minsk.txt,BLR,Minsk,1718943,1,3,0,3,0,1,0,3,town,wikidata/admin1,0,0,0,0,0,0,0,0,0,0,0,0
207,207-Viciebsk.txt,BLR,Vitebsk,913873,0,0,0,2,0,0,0,0,town,wikidata/admin1,0,0,0,0,0,0,0,0,0,0,0,0
208,208-Pskov.txt,SOV,Luga,501030,0,0,0,2,0,0,0,0,rural,wikidata/admin1,1,1,0,0,0,0,0,0,0,0,0,0
209,209-Smolensk.txt,SOV,Pskov,358732,0,0,0,2,0,0,0,0,rural,wikidata/admin1,1,1,0,0,0,0,0,0,0,0,0,0
210,210-Bryansk.txt,SOV,Nevel,497007,0,0,0,2,0,0,0,0,rural,wikidata/admin1,1,1,0,0,0,0,0,0,0,0,0,0
211,211-Burgas.txt,BUL,Burgas,785775,0,0,0,3,0,0,0,0,rural,wikidata/admin1,0,0,0,0,0,0,0,0,0,0,0,0
212,212-Plovdiv.txt,BUL,Plovdiv,1289606,0,2,0,3,0,0,0,0,town,wikidata/admin1,0,1,0,0,0,0,1,0,0,0,0,0
213,213-Murmansk.txt,SOV,Murmansk,572509,0,0,0,2,0,0,0,0,rural,wikidata/admin1,1,1,0,0,0,0,0,0,0,3,0,0
214,214-Arkhangelsk.txt,SOV,Arkhangelsk,862930,0,0,2,2,0,0,0,0,town,wikidata/admin1,1,1,0,0,0,0,0,0,0,0,0,0
215,215-Eastern Karelia.txt,SOV,Onega,426132,0,0,0,2,0,0,0,0,rural,wikidata/admin1,1,1,0,0,0,0,0,0,0,0,0,0
216,216-Below Zero.txt,SOV,Olonets,65814,0,0,0,1,0,0,0,1,pastoral,wikidata/admin1,1,1,0,0,0,0,0,0,0,0,0,0
217,217-Stalingrad Area.txt,SOV,Stalingrad,2122840,0,1,0,2,0,1,0,0,large_town,wikidata/admin1,1,1,0,0,0,0,0,0,0,0,0,0
218,218-Rostov Area.txt,SOV,Rostov,3608355,1,0,0,2,0,1,0,0,large_town,wikidata/admin1,1,22,0,0,0,0,0,0,0,0,0,0
219,219-Moscow Area.txt,SOV,Moscow,11577098,5,2,0,3,2,3,1,9,city,wikidata/admin1,1,0,0,0,0,1,0,1,0,0,1,0
220,220-Kursk Area.txt,SOV,Kursk,915563,0,0,0,2,0,0,0,0,town,wikidata/admin1,1,0,0,0,0,0,0,0,0,0,0,0
221,221-Kharkov.txt,UKR,Kharkov,2415000,0,2,0,1,0,1,0,0,large_town,wikidata/admin1,0,0,0,0,0,0,0,0,0,0,0,0
222,222-Orel.txt,SOV,Orel,603948,0,0,0,2,0,0,0,0,rural,wikidata/admin1,1,0,0,0,0,0,0,0,0,0,0,0
223,223-tula.txt,SOV,Tula,1283047,0,3,0,2,0,0,0,1,town,wikidata/admin1,1,0,0,0,0,0,0,0,0,0,0,0
224,224-Bryansk.txt,SOV,Bryansk,490954,0,0,0,2,0,0,0,0,rural,wikidata/admin1,1,0,0,0,0,0,0,0,0,0,0,0
225,225-Glukhov.txt,UKR,Sumy,962457,0,0,0,1,0,0,0,0,town,wikidata/admin1,0,0,0,0,0,0,0,0,0,0,0,0
226,226-Nikopol.txt,UKR,Dnipropetrovsk,2877308,0,1,0,1,0,1,0,0,large_town,wikidata/admin1,0,0,0,0,0,0,0,0,0,0,0,0
227,227-Stalino.txt,UKR,Stalino,3501518,1,0,0,1,0,1,0,0,large_town,wikidata/admin1,0,1,0,0,0,0,0,0,0,0,0,0
228,228-Taganrog.txt,UKR,Voroshilovgrad,2014360,0,0,0,1,0,1,0,0,large_town,wikidata/admin1,0,0,0,0,0,0,0,0,0,0,0,0
229,229-baku.txt,AZR,Azerbaijan,10042755,1,2,0,3,0,0,0,0,city,wikidata/admin1,22,0,0,1,0,0,0,0,0,0,0,0
230,230-Armenia.txt,ARM,Armenia,2930915,1,1,0,3,0,0,0,0,large_town,country-wpp2026,0,0,0,0,0,0,1,0,0,0,0,0
231,231-Georgia.txt,GEO,Georgia,3448176,1,1,0,2,0,0,0,0,large_town,country-wpp2026,0,0,0,0,0,0,1,0,0,0,0,0
232,232-Grozny.txt,SOV,Dagestan,2818967,0,0,0,2,0,1,0,0,large_town,wikidata/admin1,1,0,0,0,0,0,0,0,0,0,0,0
233,233-Caucasus Mountains.txt,SOV,Sochi,5095277,1,0,0,2,0,1,1,0,city,wikidata/admin1,1,0,0,0,0,1,0,0,0,0,0,0
234,234-Krasodar.txt,SOV,Krasnodar,5095277,1,0,0,2,0,1,1,0,city,wikidata/admin1,1,0,0,0,0,1,0,0,0,0,0,0
235,235-Stravropol.txt,SOV,Stavropol,2515582,0,0,0,2,0,1,0,0,large_town,wikidata/admin1,1,0,0,0,0,0,0,0,0,0,0,0
236,236-Astrakhan.txt,SOV,Astrakhan,825423,0,0,0,2,0,0,0,0,town,wikidata/admin1,47,0,0,0,0,0,0,0,0,0,0,0
237,237-Elista.txt,SOV,Kalmykia,233376,0,0,0,2,0,0,0,0,rural,wikidata/admin1,1,0,0,0,0,0,0,0,0,0,0,0
238,238-volgodonsk.txt,SOV,Volgodonsk,1715706,0,0,0,2,0,0,0,0,town,wikidata/admin1,1,0,0,0,0,0,0,0,0,0,0,0
239,239-Saratov.txt,SOV,Saratov,2066464,0,0,0,2,0,1,0,0,large_town,wikidata/admin1,1,0,0,0,0,0,0,0,0,0,0,0
240,240-Voronezh.txt,SOV,Belgorod,423064,0,0,0,2,0,0,0,0,rural,wikidata/admin1,0,0,0,0,0,0,0,0,0,0,0,0
241,241-Pochep.txt,BLR,Gomel,1134422,0,0,0,2,0,0,0,0,town,wikidata/admin1,0,0,0,0,0,0,0,0,0,0,0,0
242,242-Smolensk.txt,SOV,Smolensk,394790,0,0,0,2,0,0,0,0,rural,wikidata/admin1,0,0,0,0,0,0,0,0,0,0,0,0
243,243-Roslavl.txt,SOV,Roslavl,43607,0,0,0,1,0,0,0,2,wasteland,wikidata/admin1,0,0,0,0,0,0,0,0,0,0,0,0
244,244-Gatchina.txt,SOV,Volkhov,242825,0,0,0,2,0,0,0,0,rural,wikidata/admin1,0,0,0,0,0,0,0,0,0,0,0,0
245,245-Donetsk.txt,SOV,Millerovo,1892649,0,0,0,2,0,0,0,0,town,wikidata/admin1,0,0,0,0,0,0,0,0,0,0,0,0
246,246-Rzhev.txt,SOV,Rzhev,1038353,0,0,0,2,0,0,0,0,town,wikidata/admin1,0,0,0,0,0,0,0,0,0,0,0,0
247,247-Tver.txt,SOV,Kalinin,1038353,0,0,0,2,0,0,0,0,town,wikidata/admin1,0,0,0,0,0,0,0,0,0,0,0,0
248,248-Yaroslavl.txt,SOV,Yaroslavl,992115,0,0,0,2,0,0,0,0,town,wikidata/admin1,0,0,0,0,0,0,0,0,0,0,0,0
249,249-Kazan.txt,SOV,Kazan,3491209,1,2,0,2,0,1,0,1,large_town,wikidata/admin1,0,0,0,0,0,0,0,0,0,0,0,0
250,250-ulyanovsky.txt,SOV,Ulyanovsky,1022836,0,0,0,2,0,0,0,0,town,wikidata/admin1,0,0,0,0,0,0,0,0,0,0,0,0
251,251-Samara.txt,SOV,Kuybyshev,2714608,2,0,0,2,0,1,0,0,large_town,wikidata/admin1,0,0,0,0,0,0,0,0,0,0,0,0
252,252-Nizhny Novogrod.txt,SOV,Gorky,2650815,2,2,0,2,0,1,0,2,large_town,wikidata/admin1,0,0,0,0,0,0,0,0,0,0,0,0
253,253-Ivanovo.txt,SOV,Ivanovo,790076,0,0,0,2,0,0,0,0,rural,wikidata/admin1,0,0,0,0,0,0,0,0,0,0,0,0
254,254-Ryazan.txt,SOV,Ryazan,909848,0,0,0,2,0,0,0,0,town,wikidata/admin1,0,0,0,0,0,0,0,0,0,0,0,0
255,255-Penza.txt,SOV,Penza,1058010,0,0,0,2,0,0,0,0,town,wikidata/admin1,0,0,0,0,0,0,0,0,0,0,0,0
256,256-Cheboksary.txt,SOV,Chuvashia,1017846,0,0,0,2,0,0,0,0,town,wikidata/admin1,0,0,0,0,0,0,0,0,0,0,0,0
257,257-Livny.txt,SOV,Tambov,834025,0,0,0,2,0,0,0,0,town,wikidata/admin1,0,0,0,0,0,0,0,0,0,0,0,0
258,258-lipetsk.txt,SOV,Lipetsk,981966,0,0,0,2,0,0,0,0,town,wikidata/admin1,0,0,2,0,0,0,0,0,0,0,0,0
259,259-Liski.txt,UKR,Poltava,1256565,0,0,0,1,0,0,0,0,town,wikidata/admin1,0,0,0,0,0,0,0,0,0,0,0,0
260,260-Borisoglbsk.txt,SOV,Voronezh,1548022,0,0,0,2,0,0,0,0,town,wikidata/admin1,0,0,0,0,0,0,0,0,0,0,0,0
261,261-USA.txt,USA,Ohio,12120254,10,3,0,4,1,2,1,11,large_city,census/admin,0,0,3,0,0,0,0,0,0,0,0,0
262,262-Torzhok.txt,SOV,Pechora,314709,0,0,0,2,0,0,0,0,rural,wikidata/admin1,0,0,0,0,0,0,0,0,0,0,0,0
263,263-Veliky Novogrod.txt,SOV,Novgorod,494471,0,0,0,2,0,0,0,0,rural,wikidata/admin1,0,0,0,0,0,0,0,0,0,0,0,0
264,264-Tikhvin.txt,SOV,Tikhvin,1532654,0,0,0,2,0,0,0,0,town,wikidata/admin1,0,0,0,0,0,0,0,0,0,0,0,0
265,265-Mikhaylovka.txt,SOV,Mikhaylovka,2122840,0,0,0,2,0,1,0,0,large_town,wikidata/admin1,0,0,0,0,0,0,0,0,0,0,0,0
266,266-Persia.txt,PER,Tehran,28363391,2,3,0,2,0,1,1,0,metropolis,wikidata/admin1,12,0,0,1,0,1,3,0,0,0,0,0
267,267-Afghanistan.txt,AFG,Kabul,12790468,1,0,0,2,0,0,0,0,large_city,wikidata/admin1,0,0,0,0,0,0,0,0,0,0,0,0
268,268-French Somaliland.txt,DJI,French Somaliland,1199459,1,0,0,2,0,0,0,3,enclave,country-wpp2026,0,0,0,0,0,0,0,0,0,0,0,0
269,269-British Somaliland.txt,SML,Somaliland,6168277,1,1,0,2,0,0,0,4,enclave,country-wpp2026,0,0,0,0,0,0,0,0,0,0,0,0
270,270-Pitcarin Island.txt,ENG,Pitcairn Island,1000,0,0,0,4,0,0,0,2,tiny_island,manual/2026,0,0,0,0,0,0,0,0,0,0,0,0
271,271-ethiopia.txt,ETH,Shewa,6801283,0,2,0,2,0,1,0,0,city,wikidata/admin1,0,0,0,0,0,0,0,0,0,0,0,0
272,272-French Africa.txt,SEN,Senegal,19366548,1,0,0,2,0,0,0,0,large_city,country-wpp2026,0,0,0,0,0,0,0,0,0,0,0,0
273,273-Italian Africa.txt,LNA,Libyan Desert,90223,0,0,0,1,0,0,0,2,wasteland,manual/2026,0,0,0,0,0,0,0,0,0,0,0,0
274,274-British Africa.txt,GHA,Ghana,35697557,2,1,0,2,0,1,0,0,metropolis,country-wpp2026,7,0,0,0,0,0,0,0,0,0,0,1
275,275-South Africa.txt,SAF,Transvaal,28557245,1,3,0,5,1,2,1,0,metropolis,manual/2026,0,8,1,3,0,94,1,0,0,0,0,0
276,276-Canada.txt,CAN,Southern Ontario,255251,0,3,0,5,2,2,0,7,rural,wikidata/admin1,0,0,0,0,0,0,2,0,0,1,0,0
277,277-Mexico.txt,MEX,Mexico City,20658369,6,1,0,3,1,3,1,6,large_city,wikidata/admin1,0,1,1,1,0,0,0,0,0,0,0,0
278,278-Argentina.txt,ARG,Buenos Aires,22637218,3,2,0,3,1,2,1,3,large_city,wikidata/admin1,15,0,1,2,0,0,0,0,0,0,0,0
279,279-Chile.txt,CHL,Santiago,14751783,3,1,1,3,0,1,1,1,large_city,wikidata/admin1,0,0,0,0,0,0,0,0,0,0,0,0
280,280-Brazil.txt,BRA,Mato Grosso,4010484,0,0,0,3,0,1,0,0,large_town,census/admin,0,0,0,0,0,0,0,0,0,0,0,0
281,281-India.txt,MLD,Maldives,531517,1,0,0,3,0,0,0,3,enclave,country-wpp2026,0,0,0,0,0,0,0,0,0,0,0,0
282,282-Japan.txt,JAP,Kanto,42916830,10,4,2,5,2,3,3,14,megalopolis,census/admin,0,0,4,0,0,0,0,0,0,0,0,0
283,283-China.txt,CHI,Gansu,6457971,1,0,0,5,0,1,0,0,city,census/admin,1,0,0,42,0,0,0,0,0,0,0,0
284,284-New Zealand.txt,NZL,Wellington,854539,0,0,0,5,0,1,0,0,town,wikidata/admin1,0,0,0,1,0,0,0,0,0,0,0,0
285,285-Austraila.txt,AST,New South Wales,8634854,4,1,0,5,1,3,1,6,city,wikidata/admin1,5,5,1,0,1,0,2,0,0,0,0,0
286,286-Indochina.txt,VIN,South Annam,22756694,2,0,0,3,1,1,1,0,large_city,manual/2026,2,1,1,0,3,0,0,0,0,0,0,7
287,287-Sinkiang.txt,CHI,Taklamakan,3649911,0,0,0,2,0,1,0,0,large_town,census/admin,0,0,0,0,0,0,0,0,0,0,0,0
288,288-Magwe.txt,BRM,Magwe,6388828,0,1,0,1,0,1,0,0,city,manual/2026,0,0,0,0,0,0,0,0,0,0,1,0
289,289-Western Siam.txt,SIA,Western Siam,2680917,0,0,0,5,1,2,0,0,large_town,manual/2026,0,0,0,0,0,0,0,0,0,0,0,0
290,290-Spanish Africa.txt,MOR,Spanish Africa,7861513,1,0,0,1,0,1,0,0,city,manual/2026,0,0,0,0,0,0,0,0,0,0,0,0
291,291-Iraq.txt,IRQ,Baghdad,15569083,2,1,0,2,0,1,0,0,large_city,wikidata/admin1,26,0,0,0,0,0,0,0,0,0,0,0
292,292-Saudi Arabia.txt,SAU,Nejd,4939758,2,0,0,5,1,2,0,2,large_town,wikidata/admin1,52,0,0,2,0,0,0,0,0,0,0,0
293,293-Yemen.txt,HOU,North Yemen,34788608,1,2,0,2,0,0,0,0,metropolis,country-wpp2026,0,0,0,0,0,0,0,0,0,0,0,0
294,294-Oman.txt,OMA,Muscat,3910079,1,0,0,4,0,1,0,0,large_town,manual/2026,0,0,0,4,0,4,0,0,0,0,0,0
295,295-Congo.txt,COG,Léopoldville,36920172,1,0,0,2,0,1,0,0,metropolis,wikidata/admin1,0,0,0,0,0,0,0,0,0,0,0,0
296,296-Portugal Africa.txt,GNB,Portuguese Guinea,2297808,1,0,0,2,0,0,0,3,enclave,country-wpp2026,0,0,0,0,0,0,0,0,0,0,0,0
297,297-Belgian Africa.txt,EQG,Equatorial Guinea,1984468,1,0,0,2,0,0,0,3,enclave,country-wpp2026,6,0,0,0,0,0,0,0,0,0,0,0
298,298-Liberia.txt,LIB,Liberia,5853949,1,0,0,2,0,0,0,0,city,country-wpp2026,0,0,0,0,0,0,0,0,0,0,0,2
299,299-Falkand Islands.txt,ENG,Falkland Islands,4307,0,0,0,4,0,0,0,2,enclave,manual/2026,0,0,0,0,0,0,0,0,0,0,0,0
300,300-Uruguay.txt,URG,Montevideo,2907542,1,0,0,3,0,1,0,0,large_town,wikidata/admin1,0,0,0,0,0,0,0,0,0,0,0,0
301,301-paraguay.txt,PAR,Paraguay,1279953,0,0,0,3,0,0,0,0,town,wikidata/admin1,0,0,0,0,0,0,0,0,0,0,0,0
302,302-bolivia.txt,BOL,La Paz,6279663,0,0,0,2,0,0,0,0,city,wikidata/admin1,1,0,0,0,1,0,0,0,0,0,0,0
303,303-Peru.txt,PRU,Lima,25236587,2,1,1,3,0,1,0,0,metropolis,wikidata/admin1,2,0,0,0,0,0,0,0,0,0,0,0
304,304-Panama.txt,PAN,Panamá,4217003,1,0,0,3,0,1,0,0,large_town,wikidata/admin1,0,0,0,0,0,0,5,0,0,0,0,0
305,305-Ecuador.txt,ECU,Ecuador,18411615,1,0,0,3,0,1,0,0,large_city,manual/2026,19,0,0,0,0,0,0,0,0,0,0,0
306,306-Colombia.txt,COL,Cundinamarca,10727400,1,2,0,3,1,2,0,2,city,wikidata/admin1,0,1,0,0,0,0,0,0,0,0,0,0
307,307-Venezuela.txt,VEN,Miranda,22945966,1,1,0,2,0,1,1,0,large_city,manual/2026,0,0,0,2,0,0,0,0,0,0,0,0
308,308-Britain SA.txt,ATG,Antigua and Barbuda,94626,0,0,0,3,0,0,0,2,tiny_island,wikidata/admin1,0,0,0,0,0,0,0,0,0,0,0,0
309,309-Dutch SA.txt,SUR,Suriname,645256,1,0,0,3,0,0,0,1,rural,country-wpp2026,0,0,0,0,0,0,0,0,0,0,0,0
310,310-French SA.txt,FRA,French Guiana,300949,0,0,0,4,0,0,0,0,rural,wikidata/admin1,0,0,0,0,0,0,0,0,0,0,0,0
311,311-BritMex.txt,BLZ,Belize,428644,1,0,0,3,0,0,0,1,rural,wikidata/admin1,0,0,0,0,0,0,0,0,0,0,0,0
312,312-Honduras.txt,HON,Honduras,11184760,1,0,0,3,0,0,0,0,city,country-wpp2026,0,0,0,0,0,0,0,0,0,0,0,0
313,313-Guatemala.txt,GUA,Guatemala,18967978,1,0,0,2,0,1,0,0,large_city,wikidata/admin1,0,0,0,0,0,0,0,0,0,0,0,2
314,314-El Salvador.txt,ELS,El Salvador,6391253,1,0,0,2,0,0,0,0,city,country-wpp2026,0,0,0,0,0,0,0,0,0,0,0,0
315,315-Cuba.txt,CUB,Cuba,10892659,1,1,0,2,0,1,0,0,city,country-wpp2026,0,0,0,0,0,0,0,0,0,2,0,0
316,316-Costa Rica.txt,COS,Costa Rica,5174789,1,0,0,2,0,1,0,0,city,country-wpp2026,0,0,0,0,0,0,0,0,0,0,0,0
317,317-Nicaragua.txt,NIC,Nicaragua,7097329,1,0,0,2,0,0,0,0,city,country-wpp2026,0,0,0,0,0,0,0,0,0,0,0,0
318,318-Haiti.txt,HAI,Haiti,12037506,1,0,0,2,0,0,0,0,large_city,country-wpp2026,0,0,0,0,0,0,0,0,0,0,0,0
319,319-Dominican Republic.txt,DOM,Dominican Republic,11609500,1,0,0,3,0,1,0,0,city,country-wpp2026,0,0,0,0,0,0,0,0,0,0,0,0
320,320-French India.txt,RAJ,French India,1374062,0,0,0,3,0,0,0,2,enclave,census/admin,0,0,0,0,0,0,0,0,0,0,0,0
321,321-Goa.txt,RAJ,Goa,1570356,0,0,0,3,0,0,0,2,enclave,census/admin,0,0,0,0,0,0,0,0,0,0,0,0
322,322-Tibet.txt,CHI,Nagqu,1724395,0,0,0,5,0,0,0,0,town,census/admin,0,0,0,0,0,0,8,0,3,0,0,0
323,323-Nepal.txt,NEP,Nepal,29629410,1,0,0,2,0,0,0,0,metropolis,country-wpp2026,0,0,0,0,0,0,0,0,0,0,0,0
324,324-Bhutan.txt,BHU,Bhutan,802214,1,0,0,2,0,0,0,0,town,country-wpp2026,0,0,0,0,0,0,0,0,0,0,0,0
325,325-Yunnan.txt,CHI,Yunnan,45563576,5,0,0,5,1,2,4,2,megalopolis,census/admin,0,0,0,63,11,0,8,0,0,0,0,8
326,326-HongKong.txt,CHI,Hong Kong,7194425,1,0,0,5,0,1,1,0,city,census/admin,0,0,0,0,0,0,0,0,0,0,0,0
327,327-Philippines.txt,PHI,Manila,22626462,1,0,0,4,1,2,0,0,large_city,wikidata/admin1,0,0,0,0,0,0,1,0,0,0,0,0
328,328-Manchukuo.txt,CHI,Kirin,22804214,2,0,0,5,1,1,2,0,large_city,census/admin,0,0,0,0,0,0,0,0,0,0,0,0
329,329-Tannu Tuva.txt,SOV,Tannu Tuva,295206,0,0,0,2,0,0,0,0,rural,wikidata/admin1,0,0,0,0,0,0,0,0,0,0,0,0
330,330-Mongolia.txt,MON,Ulaanbaatar,2631965,1,0,0,2,0,0,0,0,large_town,wikidata/admin1,0,5,0,0,1,0,6,0,0,0,0,0
331,331-Newfoundland.txt,CAN,Newfoundland,31930,0,0,0,4,0,0,0,2,wasteland,wikidata/admin1,22,0,0,3,0,0,0,0,0,0,0,0
332,332-Labrador.txt,CAN,Labrador,378492,0,0,0,5,0,0,0,0,rural,wikidata/admin1,0,0,0,0,0,0,0,0,0,0,0,0
333,333-British Borneo.txt,MAL,Sarawak,3466138,1,0,0,4,0,1,0,0,large_town,wikidata/admin1,2,0,0,1,0,0,0,0,0,0,0,0
334,334-Kalimantan Barat.txt,INS,Kalimantan Barat,7152846,1,0,0,2,0,1,0,0,city,wikidata/admin1,1,19,0,0,0,0,0,0,0,0,0,15
335,335-West Java.txt,INS,West Java,63227370,5,3,0,3,1,3,1,3,megalopolis,wikidata/admin1,5,0,1,2,0,0,0,0,0,0,0,8
336,336-Singapore.txt,MAL,Kuala Lumpur,12713948,2,0,0,5,1,2,1,0,large_city,wikidata/admin1,7,0,1,3,0,0,0,0,0,0,0,0
337,337-Faroe Islands.txt,DEN,Faroe Islands,85956,0,0,0,5,0,0,0,1,small_island,manual/2026,0,0,0,0,0,0,0,0,0,0,0,0
338,338-Gloucestershire.txt,ENG,Gloucestershire,1107606,0,2,0,4,0,0,0,0,town,census/admin,0,0,0,0,0,0,0,0,0,0,0,0
339,339-Izmir.txt,TUR,Izmir,7538702,1,1,0,3,0,1,0,0,city,wikidata/admin1,1,0,0,0,0,1,0,0,0,0,0,0
340,340-Bursa.txt,TUR,Bursa,5288381,1,0,0,3,0,1,0,0,city,wikidata/admin1,0,0,0,0,0,0,0,0,0,0,0,0
341,341-Edirne.txt,TUR,Edirne,710817,0,0,0,3,0,0,0,0,rural,wikidata/admin1,0,0,0,0,0,0,0,0,0,0,0,0
342,342-Antalya.txt,TUR,Antalya,4418290,1,0,0,3,0,1,0,0,large_town,wikidata/admin1,0,0,0,0,0,0,0,0,0,0,0,0
343,343-Afyon.txt,TUR,Afyon,1295199,0,0,0,3,0,0,0,0,town,wikidata/admin1,0,6,0,0,0,0,0,0,0,0,0,0
344,344-Adana.txt,TUR,Malatya,1455992,0,0,0,3,0,0,0,0,town,wikidata/admin1,0,0,0,0,0,35,0,0,0,0,0,0
345,345-Mersin.txt,TUR,Mersin,3314594,1,0,0,3,0,1,0,0,large_town,wikidata/admin1,0,0,0,0,0,24,0,0,0,0,0,0
346,346-Konya.txt,TUR,Konya,4194870,1,3,0,3,0,1,0,2,large_town,wikidata/admin1,0,0,0,0,0,0,0,0,0,0,0,0
347,347-Izmit.txt,TUR,Izmit,3567723,1,0,2,3,0,1,0,1,large_town,wikidata/admin1,0,0,0,0,0,0,0,0,0,0,0,0
348,348-Kayseri.txt,TUR,Kayseri,2538609,0,2,0,3,0,1,0,0,large_town,wikidata/admin1,0,0,0,0,0,0,0,0,0,0,0,0
349,349-Silvas.txt,TUR,Sivas,1181196,0,0,0,3,0,0,0,0,town,wikidata/admin1,0,0,0,0,0,0,0,0,0,0,0,0
350,350-Diyarbekir.txt,TUR,Diyarbakır,2844524,1,0,0,3,0,1,0,0,large_town,wikidata/admin1,0,0,0,0,0,0,0,0,0,0,0,0
351,351-Vologda.txt,SOV,Vologda,1012076,0,0,0,2,0,0,0,0,town,wikidata/admin1,0,0,2,0,0,0,0,0,0,0,0,0
352,352-Hakkari.txt,TUR,Hakkari,523311,0,0,0,3,0,0,0,0,rural,wikidata/admin1,0,0,0,0,0,0,0,0,0,0,0,0
353,353-Erzurum.txt,TUR,Tunceli,1249179,0,0,0,3,0,0,0,0,town,wikidata/admin1,0,0,0,0,0,24,0,0,0,0,0,0
354,354-Trabzon.txt,TUR,Trabzon,1384005,0,0,0,3,0,0,0,0,town,wikidata/admin1,0,0,0,0,0,0,0,0,0,0,0,0
355,355-Samsun.txt,TUR,Samsun,2328302,0,0,0,3,0,1,0,0,large_town,wikidata/admin1,0,0,0,0,0,0,0,0,0,0,0,0
356,356-Sinop.txt,TUR,Kastamonu,646895,0,0,0,3,0,0,0,0,rural,wikidata/admin1,0,0,0,0,0,0,0,0,0,0,0,0
357,357-New England.txt,USA,New England,15629667,3,3,3,4,1,1,1,6,large_city,census/admin,0,0,0,0,0,0,0,0,0,0,0,0
358,358-New York.txt,USA,New York,20263462,9,0,0,4,1,2,1,7,large_city,census/admin,0,0,0,0,0,0,0,0,0,0,0,0
359,359-New Jersey.txt,USA,New Jersey,9690295,2,0,0,4,0,1,1,0,city,census/admin,0,0,0,0,0,0,0,0,0,0,0,0
360,360-Pennsylvania.txt,USA,Pennsylvania,13339537,8,3,0,4,1,2,1,9,large_city,census/admin,9,6,3,0,0,0,0,0,0,0,0,0
361,361-Maryland.txt,USA,Maryland,7104359,1,0,0,5,2,2,1,2,city,census/admin,0,0,0,0,0,0,0,0,0,0,0,0
362,362-Virginia.txt,USA,Virginia,8986888,2,2,3,4,0,1,1,5,city,census/admin,0,0,0,0,0,0,0,0,0,0,0,0
363,363-North Carolina.txt,USA,North Carolina,11266278,6,0,0,4,0,2,1,5,city,census/admin,0,0,0,0,0,0,0,0,0,0,0,0
364,364-South Carolina.txt,USA,South Carolina,5588077,1,2,0,4,0,1,0,0,city,census/admin,0,0,0,2,0,0,0,0,0,0,0,0
365,365-Georgia.txt,USA,Georgia,11403821,5,3,0,4,0,2,1,7,city,census/admin,0,0,0,0,0,0,0,0,0,0,0,0
366,366-Florida.txt,USA,Florida,23838250,4,2,0,4,1,2,2,5,large_city,census/admin,0,0,0,0,0,0,0,0,0,0,0,0
367,367-Alabama.txt,USA,Alabama,5245584,1,3,1,4,0,1,0,2,city,census/admin,0,0,1,0,0,0,0,0,0,0,0,0
368,368-Tennesse.txt,USA,Tennessee,7347648,1,2,0,4,0,1,1,1,city,census/admin,0,0,0,0,0,0,0,0,0,0,0,0
369,369-Kentucky.txt,USA,Kentucky,4675707,1,0,0,4,0,1,0,0,large_town,census/admin,0,5,0,2,0,0,0,0,0,0,0,0
370,370-Mississippi.txt,USA,Mississippi,3000653,0,0,2,4,0,1,0,0,large_town,census/admin,0,0,0,0,0,0,0,0,0,0,0,0
371,371-Louisiana.txt,USA,Louisiana,4664948,1,0,0,4,0,1,0,0,large_town,census/admin,34,0,0,0,0,0,0,0,0,0,0,0
372,372-Arkansas.txt,USA,Arkansas,3150655,1,0,0,4,0,1,0,0,large_town,census/admin,0,0,1,0,0,0,0,0,0,0,0,0
373,373-Missouri.txt,USA,Missouri,6339072,1,3,0,4,0,1,1,2,city,census/admin,0,0,0,0,0,0,0,0,0,0,0,0
374,374-Oklahoma.txt,USA,Oklahoma,4190017,1,0,0,4,0,1,0,0,large_town,census/admin,43,0,0,0,0,0,0,0,0,0,0,0
375,375-Texas.txt,USA,Texas,31914761,12,4,0,5,1,2,2,13,metropolis,census/admin,170,1,0,1,0,0,0,0,0,0,2,0
376,376-New Mexico.txt,USA,New Mexico,2172733,0,0,0,4,0,1,0,0,large_town,census/admin,51,0,0,0,0,0,4,0,0,0,0,0
377,377-Arizona.txt,USA,Arizona,7733575,1,4,0,4,0,1,1,3,city,census/admin,0,0,0,0,0,0,12,0,0,0,0,0
378,378-California.txt,USA,California,40213878,18,3,1,5,1,2,3,18,megalopolis,census/admin,26,0,0,0,1,0,0,0,0,0,6,0
379,379-Nevada.txt,USA,Nevada,3332619,1,0,0,4,0,1,0,0,large_town,census/admin,0,0,0,0,0,0,3,0,1,0,0,0
380,380-Utah.txt,USA,Utah,3523108,1,0,0,4,0,1,0,0,large_town,census/admin,0,0,0,0,0,0,6,0,0,0,0,0
381,381-Wyoming.txt,USA,Wyoming,599335,0,0,0,4,0,0,0,0,rural,census/admin,26,12,0,0,0,0,0,0,0,0,1,0
382,382-Colorado.txt,USA,Colorado,6076408,1,0,0,4,0,1,0,0,city,census/admin,34,0,0,0,0,0,0,0,0,0,0,0
383,383-Kansas.txt,USA,Kansas,3003086,0,0,0,4,0,1,0,0,large_town,census/admin,0,0,0,0,0,0,0,0,0,0,0,0
384,384-Nebraska.txt,USA,Nebraska,2041079,0,0,0,4,0,1,0,0,large_town,census/admin,0,0,0,0,0,0,0,0,0,0,0,0
385,385-Oregon.txt,USA,Oregon,4357561,1,0,0,4,0,1,0,0,large_town,census/admin,0,0,0,0,0,0,0,0,0,0,0,0
386,386-Washington.txt,USA,Washington,8111367,1,1,0,4,0,1,1,0,city,census/admin,0,0,0,2,0,0,0,0,0,0,0,0
387,387-Idaho.txt,USA,Idaho,2041531,0,0,0,4,0,1,0,0,large_town,census/admin,0,0,0,0,0,0,0,0,0,0,0,0
388,388-Montana.txt,USA,Montana,1159909,0,0,0,4,0,0,0,0,town,census/admin,0,4,0,0,0,0,3,0,0,0,0,0
389,389-North Dakota.txt,USA,North Dakota,804671,0,0,0,4,0,0,0,0,town,census/admin,68,0,0,0,0,0,0,0,0,0,0,0
390,390-South Dakota.txt,USA,South Dakota,943107,0,0,0,4,0,0,0,0,town,census/admin,0,0,0,0,0,0,0,0,0,0,0,0
391,391-Minnesota.txt,USA,Minnesota,5893567,1,0,0,4,0,1,0,0,city,census/admin,0,0,0,0,0,0,0,0,0,0,0,0
392,392-Iowa.txt,USA,Iowa,3283360,1,3,0,4,0,1,0,2,large_town,census/admin,0,0,0,0,0,0,0,0,0,0,0,0
393,393-Michigan.txt,USA,Michigan,10284851,9,0,0,4,0,2,1,8,city,census/admin,0,0,2,0,0,0,0,0,0,0,0,0
394,394-Wisconsin.txt,USA,Wisconsin,6049637,1,2,1,4,0,1,0,1,city,census/admin,0,0,0,0,0,0,0,0,0,0,0,0
395,395-Illinois.txt,USA,Illinois,12946681,11,0,0,4,1,2,1,9,large_city,census/admin,0,5,0,0,0,0,0,0,0,0,0,0
396,396-Indiana.txt,USA,Indiana,7062343,8,2,0,4,0,2,1,9,city,census/admin,0,2,4,1,0,0,0,0,0,0,0,0
397,397-Syktyvkar.txt,SOV,Syktyvkar,308687,0,0,0,2,0,0,0,0,rural,wikidata/admin1,0,0,0,0,0,0,0,0,0,0,0,0
398,398-Perm.txt,SOV,Perm,2166087,0,2,0,2,0,1,0,0,large_town,wikidata/admin1,0,0,0,0,0,0,0,0,0,0,0,0
399,399-Izhevsk.txt,SOV,Udmurtia,1302423,0,2,0,2,0,0,0,0,town,wikidata/admin1,0,0,0,0,0,0,0,0,0,0,0,0
400,400-Kirov.txt,SOV,Kirov,985467,0,0,0,2,0,0,0,0,town,wikidata/admin1,0,0,0,0,0,0,0,0,0,0,0,0
401,401-Engels.txt,SOV,Balakovo,1219642,0,0,0,2,0,0,0,0,town,wikidata/admin1,0,0,0,0,0,0,0,0,0,0,0,0
402,402-Akhtubinsk.txt,KAZ,Akhtubinsk,1407099,0,0,0,2,0,0,0,0,town,wikidata/admin1,5,0,0,0,0,5,0,0,0,0,0,0
403,403-Kharabali.txt,SOV,Tyumen,3393341,1,0,0,2,0,1,0,0,large_town,wikidata/admin1,187,0,0,0,0,0,0,0,0,0,0,0
404,404-Saykhin.txt,KAZ,Kyzyl Orda,1265354,0,0,0,3,0,1,0,0,town,wikidata/admin1,4,0,0,0,0,4,0,0,0,0,0,0
405,405-Atyrau.txt,UZB,Tashkent,11969381,1,1,0,2,0,1,0,0,city,wikidata/admin1,1,0,0,0,0,0,1,0,0,0,0,0
406,406-Krasnyy Yar.txt,KAZ,Guryev,1045909,0,0,0,2,0,0,0,0,town,wikidata/admin1,3,0,0,0,0,4,0,0,0,0,0,0
407,407-Uralsk.txt,KAZ,Ural'sk,1049098,0,0,0,2,0,0,0,0,town,wikidata/admin1,3,0,0,0,0,4,0,0,0,0,0,0
408,408-Vladivostok.txt,SOV,Vladivostok,1569563,0,0,1,2,0,0,0,0,town,wikidata/admin1,0,0,0,0,0,0,0,0,0,0,0,0
409,409-Khabarovsk.txt,SOV,Khabarovsk,1110666,0,0,0,2,0,0,0,0,town,wikidata/admin1,0,0,0,0,0,0,0,0,0,0,0,0
410,410-Sistan.txt,PER,Sistan,5864004,0,0,0,1,0,1,0,0,city,wikidata/admin1,0,0,0,0,0,0,1,0,0,0,0,0
411,411-Hormozgan.txt,PER,Isfahan,3753821,0,3,0,1,0,1,0,1,large_town,wikidata/admin1,0,0,3,0,0,0,0,0,0,0,0,0
412,412-Fars.txt,PER,Fars,10251440,1,0,0,1,0,1,0,0,city,wikidata/admin1,0,0,0,1,0,1,1,0,0,0,0,0
413,413-Khuzestan.txt,PER,Khuzestan,9953983,1,2,0,1,0,1,0,0,city,wikidata/admin1,112,0,2,1,0,1,1,0,0,0,0,0
414,414-Kerman.txt,PER,Kerman,6687504,1,0,0,1,0,1,0,0,city,wikidata/admin1,0,0,0,1,0,1,1,0,0,0,0,0
415,415-South Khorasan.txt,AFG,Herat,3908794,0,0,0,1,0,0,0,0,large_town,wikidata/admin1,0,0,0,0,0,0,0,0,0,0,0,0
416,416-Razavi Khorasan.txt,PER,Khorasan,1482416,0,0,0,1,0,0,0,0,town,wikidata/admin1,0,0,0,0,0,0,0,0,0,0,0,0
417,417-Golestan.txt,PER,Hamadan,3949083,0,0,0,1,0,1,0,0,large_town,wikidata/admin1,0,0,0,0,0,0,0,0,0,0,0,0
418,418-Semnan.txt,PER,Semnan,1484188,0,0,0,1,0,0,0,0,town,wikidata/admin1,0,0,0,0,0,0,0,0,0,0,0,0
419,419-Azerbaijan.txt,PER,West Azerbaijan,3845303,0,0,0,1,0,1,0,0,large_town,wikidata/admin1,0,0,0,0,0,0,0,0,0,0,0,0
420,420-Gilan.txt,PER,Gilan,5347725,0,0,0,1,0,1,0,0,city,wikidata/admin1,0,0,0,0,0,0,1,0,0,0,0,0
421,421-Kurdistan.txt,PER,Ilam,1007561,0,0,0,1,0,0,0,0,town,wikidata/admin1,0,0,0,0,0,0,0,0,0,0,0,0
422,422-Ceylon.txt,SRL,Ceylon,23348315,1,1,0,2,0,1,0,0,large_city,country-wpp2026,0,0,0,0,0,0,0,0,0,0,0,2
423,423-Madras.txt,RAJ,Southern Madras,75573393,3,2,0,4,1,1,1,0,megalopolis,census/admin,1,0,0,0,0,0,0,1,0,0,0,0
424,424-Andra Pradesh.txt,RAJ,Northern Madras,52018049,3,2,1,4,1,1,0,0,megalopolis,census/admin,1,0,3,12,0,0,0,2,0,0,1,0
425,425-Mysore.txt,RAJ,Mysore,66740139,2,2,0,4,1,1,1,0,megalopolis,census/admin,1,0,0,0,0,18,0,0,0,0,0,0
426,426-Orissa.txt,RAJ,Orissa,45147741,1,0,0,4,1,1,0,0,megalopolis,census/admin,1,17,7,23,0,30,0,1,0,0,0,0
427,427-Hyderabad.txt,RAJ,Hyderabad,89314010,2,2,0,4,1,1,1,0,megalopolis,census/admin,2,7,0,0,0,0,0,0,0,0,0,0
428,428-Western Indian States.txt,RAJ,Gujarat,70666030,4,0,0,4,1,2,1,0,megalopolis,census/admin,1,0,0,15,0,0,0,0,0,0,0,0
429,429-Bombay.txt,RAJ,Bombay,125628497,5,1,1,4,1,2,1,1,megalopolis,census/admin,2,0,6,0,0,0,0,0,0,0,0,0
430,430-Bangladesh.txt,BAN,Bangladesh,177818044,6,2,0,2,1,3,0,2,megalopolis,country-wpp2026,0,0,1,0,0,0,0,0,0,0,0,1
431,431-Calcutta.txt,RAJ,West Bengal,98147263,4,0,1,4,1,2,1,0,megalopolis,census/admin,2,20,5,0,0,0,0,0,0,0,0,0
432,432-Assam.txt,RAJ,Assam,49073632,1,0,0,4,1,1,0,0,megalopolis,census/admin,1,0,0,0,0,0,0,0,0,0,0,7
433,433-Rajputana.txt,RAJ,Rajahsthan,80480756,2,0,0,4,1,1,1,0,megalopolis,census/admin,2,0,0,0,0,0,0,0,0,0,0,0
434,434-Arunachal Pradesh.txt,RAJ,Arunachal Pradesh,1570356,0,0,0,3,0,0,0,0,town,census/admin,0,0,0,0,0,0,0,0,0,0,0,0
435,435-Bihar.txt,RAJ,Bihar,167831820,4,0,0,4,1,2,2,0,megalopolis,census/admin,3,20,0,0,0,0,0,0,0,0,0,0
436,436-Central Provinces.txt,RAJ,Central Provinces,114832298,3,0,0,4,1,1,1,0,megalopolis,census/admin,2,17,6,0,0,0,0,0,0,0,0,0
437,437-Central Indian Provinces.txt,RAJ,Central India,19629453,1,0,0,3,1,1,0,0,large_city,census/admin,0,0,0,0,0,0,0,0,0,0,0,0
438,438-United Provinces.txt,RAJ,United Provinces,247331103,6,1,0,4,1,2,2,2,megalopolis,census/admin,5,0,0,0,0,0,1,0,0,0,0,0
439,439-Delhi.txt,RAJ,Delhi,21592398,1,1,0,4,2,2,0,0,large_city,census/admin,1,0,0,0,0,0,0,0,0,0,0,0
440,440-West Punjab.txt,PAK,West Punjab,92928828,2,4,0,2,1,2,1,0,megalopolis,wikidata/admin1,1,1,1,0,0,1,0,0,0,0,0,0
441,441-Kashmir.txt,RAJ,Jammu and Kashmir,13348028,0,0,0,3,1,1,0,0,large_city,census/admin,0,0,0,0,0,0,0,0,0,0,0,0
442,442-Peshawar.txt,PAK,Peshawar,19574845,0,2,0,1,1,1,0,0,large_city,wikidata/admin1,0,0,0,0,0,0,0,0,0,0,0,0
443,443-Sind.txt,PAK,Sind,40206302,1,2,1,2,1,1,0,0,megalopolis,wikidata/admin1,1,0,0,0,0,0,0,0,0,0,0,0
444,444-Baluchistan States.txt,PAK,South Baluchistan,3834891,0,0,0,1,0,1,0,0,large_town,wikidata/admin1,0,0,0,0,0,0,0,0,0,0,0,0
445,445-Quetta.txt,PAK,Sibi,1225106,0,0,0,1,0,0,0,0,town,wikidata/admin1,0,0,0,0,0,0,0,0,0,0,0,0
446,446-Cairo.txt,EGY,Suez,1794371,0,1,0,4,0,1,0,0,town,wikidata/admin1,0,0,0,0,0,0,0,0,0,0,0,0
447,447-Alexandria.txt,EGY,Alexandria,35533146,2,1,1,4,0,1,0,0,metropolis,wikidata/admin1,7,0,1,1,0,0,0,0,0,0,0,0
448,448-Tripoli.txt,LBA,Tripoli,1933266,0,0,0,3,0,0,0,0,town,manual/2026,0,0,0,0,0,0,0,0,0,0,0,0
449,449-Libyan Coast.txt,LNA,El Agheila,52312,0,0,0,1,0,0,0,1,pastoral,manual/2026,0,0,0,0,0,0,0,0,0,0,0,0
450,450-Benghasi.txt,LNA,Benghasi,902229,0,1,0,3,0,0,0,0,town,manual/2026,0,0,0,0,0,0,0,0,0,0,0,0
451,451-Derna.txt,LNA,Derna,225557,0,0,0,2,0,0,0,0,rural,manual/2026,0,0,0,0,0,0,0,0,0,0,0,0
452,452-Marsa Matruh.txt,EGY,Matrouh,2928833,0,0,0,3,0,1,0,0,large_town,wikidata/admin1,1,0,0,0,0,0,0,0,0,0,0,0
453,453-Sinai.txt,EGY,Sinai,3098828,0,0,0,3,0,1,0,0,large_town,wikidata/admin1,1,0,0,0,0,0,0,0,0,0,0,0
454,454-Israel.txt,ISR,Israel,8397063,3,5,0,5,1,2,0,7,city,manual/2026,0,0,0,0,0,0,0,0,0,0,0,0
455,455-Jordan.txt,JOR,Jordan,11589532,1,2,0,3,0,0,0,0,city,country-wpp2026,0,0,0,0,0,0,0,0,0,0,0,0
456,456-Luxor.txt,EGY,Aswan,6535095,0,0,0,3,0,1,0,0,city,wikidata/admin1,1,0,0,1,0,0,0,0,0,0,0,0
457,457-Aswan.txt,EGY,Eastern Desert,3607722,0,0,0,3,0,1,0,0,large_town,wikidata/admin1,1,0,0,0,0,0,0,0,0,0,0,0
458,458-Tunisia.txt,TUN,Tunisia,9166740,1,1,0,2,0,0,0,0,city,wikidata/admin1,1,0,0,0,0,0,0,0,0,0,0,0
459,459-Western Algeria.txt,ALG,Algiers,23621036,2,1,0,2,0,1,0,0,large_city,wikidata/admin1,0,0,1,0,0,0,0,0,0,0,0,0
460,460-Eastern Algeria.txt,ALG,Constantine,7418566,0,1,0,1,0,1,0,0,city,wikidata/admin1,0,0,0,0,0,0,0,0,0,0,0,0
461,461-Northern Morocco.txt,MOR,Casablanca,6324658,0,0,0,2,0,1,0,0,city,wikidata/admin1,0,0,0,0,0,0,0,0,0,0,0,0
462,462-Southern Morocco.txt,MOR,Marrakech,23584538,1,1,0,1,0,1,0,0,large_city,manual/2026,0,0,0,0,0,0,0,0,0,1,0,0
463,463-Alaska.txt,USA,Alaska,748162,0,0,0,4,0,0,0,0,rural,census/admin,43,0,0,0,0,0,0,0,0,0,0,0
464,464-Nova Scotia.txt,CAN,Nova Scotia,779270,0,0,1,5,0,0,0,1,rural,wikidata/admin1,0,0,0,0,0,0,0,0,0,0,0,0
465,465-New Brunswick.txt,CAN,New Brunswick,623499,0,0,0,5,0,0,0,0,rural,wikidata/admin1,0,0,0,0,0,0,0,0,0,0,0,0
466,466-Quebec.txt,CAN,Nord du Quebec,6578218,3,1,0,5,0,1,1,2,city,wikidata/admin1,0,1,1,14,0,0,2,1,0,0,0,0
467,467-Manitoba.txt,CAN,Manitoba,40593,0,0,0,4,0,0,0,2,wasteland,wikidata/admin1,0,0,0,0,0,0,0,0,0,0,0,0
468,468-Nunavut.txt,CAN,Saint Lawrence,8044,0,0,0,4,0,0,0,2,wasteland,wikidata/admin1,0,0,0,0,0,0,0,0,0,0,0,0
469,469-Saskatchewan.txt,CAN,Saskatchewan,474727,0,0,0,5,0,0,0,0,rural,wikidata/admin1,29,0,0,0,0,0,0,0,0,0,0,0
470,470-Alberta.txt,CAN,Alberta,3426657,2,0,0,5,0,1,0,0,large_town,wikidata/admin1,87,0,0,0,0,0,0,0,0,0,0,0
471,471-Northwestern Canada.txt,CAN,Prince Rupert,3988208,2,0,0,5,0,1,1,1,large_town,wikidata/admin1,0,0,0,0,0,0,0,0,0,0,0,0
472,472-Northwest Territories.txt,CAN,N.W Territories,33016,0,0,0,4,0,0,0,2,wasteland,wikidata/admin1,0,0,0,0,0,0,0,0,0,0,0,0
473,473-British Columbia.txt,CAN,British Columbia,4020118,2,0,1,5,0,1,1,2,large_town,wikidata/admin1,8,1,0,7,0,0,3,0,0,0,0,0
474,474-Yucatan.txt,MEX,Yucatan,5205891,0,0,0,2,0,1,0,0,city,wikidata/admin1,0,0,0,0,0,0,0,0,0,0,0,0
475,475-Chiapas.txt,MEX,Chiapas,11704031,1,0,0,2,0,1,0,0,city,wikidata/admin1,0,0,0,0,0,0,0,0,0,0,0,0
476,476-Oaxaca.txt,MEX,Oaxaca,8900175,1,0,0,2,0,1,0,0,city,wikidata/admin1,0,0,0,0,0,0,0,0,0,0,0,0
477,477-Veracruz.txt,MEX,Veracruz,18196758,1,0,0,2,1,1,1,0,large_city,wikidata/admin1,43,0,1,0,0,0,0,0,0,0,0,0
478,478-Nayarit.txt,MEX,Jalisco,17596350,5,0,0,2,1,2,0,2,large_city,wikidata/admin1,0,0,0,0,0,0,0,0,0,0,0,0
479,479-Tamaulipas.txt,MEX,Tamaulipas,7719902,0,0,0,2,0,1,0,0,city,wikidata/admin1,29,0,0,0,0,0,0,0,0,0,0,0
480,480-Coahuila.txt,MEX,Coahuila,6628024,3,0,0,2,0,1,0,0,city,wikidata/admin1,0,0,0,0,0,0,0,0,0,0,0,0
481,481-Sinaloa.txt,MEX,Durango,6654458,0,0,0,2,0,1,0,0,city,wikidata/admin1,0,0,0,0,0,0,0,0,0,0,0,0
482,482-Chihuahua.txt,MEX,Chihuahua,7977575,1,0,0,2,0,1,0,0,city,wikidata/admin1,0,0,0,0,0,0,6,0,0,0,0,0
483,483-Sonora.txt,MEX,Sonora,6393434,0,0,0,2,0,1,0,0,city,wikidata/admin1,0,0,0,0,0,0,13,0,0,0,0,0
484,484-Baja California.txt,MEX,Baja California,7437431,0,0,0,2,0,1,0,0,city,wikidata/admin1,0,0,0,0,0,0,0,0,0,0,0,0
485,485-Guerrero.txt,MEX,Guerrero,7925260,0,0,0,2,0,1,0,0,city,wikidata/admin1,0,0,0,0,0,0,0,0,0,0,0,0
486,486-Meta.txt,COL,Meta,3514454,0,0,0,2,0,1,0,0,large_town,wikidata/admin1,30,0,0,0,0,0,0,0,0,0,0,0
487,487-Amazinas.txt,BOL,Santa Cruz,6469628,1,0,0,1,0,0,0,0,city,wikidata/admin1,1,0,0,0,2,0,0,0,0,0,0,0
488,488-Bolivar.txt,VEN,Bolivar,3956390,0,0,0,1,0,1,0,0,large_town,wikidata/admin1,0,0,0,0,0,0,0,0,0,0,0,0
489,489-Monagas.txt,VEN,Zulia,1731355,0,0,0,1,0,0,0,0,town,wikidata/admin1,30,0,0,0,0,0,0,0,0,0,0,0
490,490-Pastaza.txt,PRU,Pastaza,1088205,0,0,0,2,0,0,0,0,town,manual/2026,0,0,0,0,0,0,0,0,0,0,0,0
491,491-Loreto.txt,PRU,Loreto,2326376,0,0,0,2,0,1,0,0,large_town,wikidata/admin1,0,0,0,0,0,0,0,0,0,0,0,0
492,492-Piura.txt,PRU,Arequipa,3949214,1,0,0,2,0,1,0,0,large_town,wikidata/admin1,0,0,0,0,0,0,30,0,0,0,0,0
493,493-La Libertad.txt,COL,La Libertad,39694372,3,0,0,3,1,1,1,0,metropolis,manual/2026,0,3,0,0,0,0,0,0,0,0,0,0
494,494-Ucayali.txt,PRU,Ucayali,1436988,0,0,0,2,0,0,0,0,town,wikidata/admin1,0,0,0,0,0,0,0,0,0,0,0,0
495,495-Amazonas.txt,BRA,Amazonas,4538179,0,0,0,3,0,1,0,0,large_town,census/admin,8,0,0,0,0,0,0,0,0,0,0,1
496,496-Para.txt,BRA,Minas Gerais,22163200,2,1,0,3,1,1,1,0,large_city,census/admin,0,0,2,1,0,1,1,3,2,0,0,0
497,497-Maranhao.txt,BRA,Maranhão,7387733,0,0,0,3,0,1,0,0,city,census/admin,0,0,0,0,0,0,0,0,0,0,0,0
498,498-Rio Grande.txt,BRA,Rio Grande do Norte,3799406,0,0,0,3,0,1,0,0,large_town,census/admin,0,0,0,0,0,0,0,0,0,0,0,0
499,499-Bahia.txt,BRA,Bahia,15619779,1,0,0,3,1,1,1,0,large_city,census/admin,0,0,0,1,0,1,1,1,0,0,0,0
500,500-Rio de Janerio.txt,BRA,Rio de Janeiro,18363794,2,1,1,4,2,2,1,3,large_city,census/admin,45,0,2,1,0,1,1,0,0,0,0,0
501,501-Saol Paulo.txt,BRA,São Paulo,48547961,6,3,0,4,1,2,3,5,megalopolis,census/admin,0,0,1,3,1,1,2,0,0,0,0,0
502,502-Rio Grande Sul.txt,BRA,Rio Grande do Sul,11820373,1,0,0,3,0,1,1,0,city,census/admin,0,0,0,1,0,0,1,0,0,0,0,0
503,503-Santa Catarina.txt,BRA,Santa Catarina,8443124,0,0,0,3,0,1,0,0,city,census/admin,0,0,0,0,0,0,0,0,0,0,0,0
504,504-Iguacu.txt,BRA,Punta Porá,2110781,0,0,0,3,0,1,0,0,large_town,census/admin,0,0,0,0,0,0,0,0,0,0,0,0
505,505-Goias.txt,BRA,Goiás,7598811,0,0,0,3,0,1,0,0,city,census/admin,0,0,0,0,0,0,0,0,0,0,0,0
506,506-Northern Chile.txt,CHL,Antofagasta,1266565,0,0,0,2,0,0,0,0,town,wikidata/admin1,0,0,0,0,0,0,85,0,13,0,0,0
507,507-Southern Chile.txt,CHL,Magallanes,358791,0,0,0,2,0,0,0,0,rural,manual/2026,0,0,0,0,0,0,0,0,0,0,0,0
508,508-Argentine Northwest.txt,ARG,Tucumán,2237138,0,0,0,2,0,1,0,0,large_town,wikidata/admin1,1,0,0,0,0,0,0,0,9,0,0,0
509,509-Gran Chaco.txt,ARG,Chaco Austral,1459207,0,0,0,2,0,0,0,0,town,wikidata/admin1,1,0,0,0,0,0,0,0,0,0,0,0
510,510-Mesopotamia.txt,ARG,Región Mesopotámica,4650423,1,0,0,2,0,1,0,0,large_town,manual/2026,3,0,0,1,0,0,0,0,0,0,0,0
511,511-Cuyo.txt,ARG,Mendoza,2639812,0,0,0,2,0,1,0,0,large_town,wikidata/admin1,2,0,0,0,0,0,0,0,0,0,0,0
512,512-Patagonia.txt,ARG,Río Negro,969830,0,0,0,2,0,0,0,0,town,wikidata/admin1,1,0,0,0,0,0,0,0,0,0,0,0
513,513-Southern Algeria.txt,ALG,Tlemcen,7502833,1,0,0,1,0,1,0,0,city,wikidata/admin1,46,0,0,0,0,0,0,0,0,0,0,0
514,514-North Africa.txt,ALG,Algerian Desert,9485899,1,0,0,1,0,1,0,0,city,manual/2026,0,0,0,0,0,0,0,0,0,0,0,0
515,515-Central Africa.txt,NGR,Southern Sahara,3457785,0,0,0,1,0,0,0,0,large_town,manual/2026,0,0,0,0,0,0,0,0,0,0,0,0
516,516-Northern Siberia.txt,SOV,Dudinka,1534232,0,0,0,2,0,0,0,0,town,wikidata/admin1,0,0,0,0,0,0,0,0,0,0,0,0
517,517-Victoria.txt,AST,Victoria,7149101,4,1,0,5,0,2,1,4,city,wikidata/admin1,4,0,0,1,0,0,0,0,0,0,0,0
518,518-Tasmania.txt,AST,Tasmania,545283,0,0,0,5,0,0,0,0,large_island,wikidata/admin1,0,0,0,2,0,0,0,0,0,0,0,0
519,519-South Australia.txt,AST,South Australia,291980,0,0,1,5,0,0,0,1,rural,wikidata/admin1,0,0,0,0,0,0,3,0,3,0,0,0
520,520-Northern Territory.txt,AST,Northern Territory,264966,0,0,0,5,0,0,0,0,rural,wikidata/admin1,0,0,0,0,0,0,0,0,0,0,1,0
521,521-Queensland.txt,AST,Queensland,3088320,2,2,0,5,0,1,1,3,large_town,wikidata/admin1,2,7,0,3,0,0,3,0,0,0,0,0
522,522-Western Australia.txt,AST,Western Australia,862823,0,0,1,5,0,0,0,0,town,wikidata/admin1,1,2,0,1,0,0,2,0,20,1,1,0
523,523-New Guinea.txt,PNG,Papua,1691420,0,0,0,2,0,0,0,0,town,manual/2026,1,0,0,0,0,0,1,0,0,0,0,0
524,524-Taiwan.txt,FOR,Taiwan,23011292,8,5,2,5,1,3,1,14,large_city,country-wpp2026,0,0,4,0,0,0,0,0,0,0,0,0
525,525-South Korea.txt,KOR,Gyeonggi,25797524,7,5,3,5,1,3,1,12,metropolis,census/admin,0,0,3,0,0,0,0,0,0,0,0,0
526,526-Okinawa.txt,JAP,Okinawa,1457203,0,0,0,5,0,0,0,1,small_island,census/admin,0,0,0,0,0,0,0,0,0,0,0,0
527,527-North Korea.txt,DPK,Pyongan-Hwanghae,11445507,0,7,1,3,0,0,0,4,city,wikidata/admin1,0,1,0,0,1,0,0,1,0,0,0,0
528,528-Nagasaki.txt,JAP,Kitakyūshū,12975098,4,1,2,5,1,2,1,5,large_city,census/admin,0,0,2,0,0,0,0,0,0,0,0,0
529,529-Hiroshima.txt,JAP,San'yo,6986591,3,1,2,5,0,1,1,4,city,census/admin,0,0,3,0,0,0,0,0,0,0,0,0
530,530-Tokushima.txt,JAP,Shikoku,3692912,0,0,0,5,0,1,0,0,large_town,census/admin,0,0,0,0,0,0,0,0,0,0,0,0
531,531-Osaka.txt,JAP,Kansai,21957857,8,2,2,5,1,2,1,10,large_city,census/admin,0,0,3,0,0,0,0,0,0,0,0,0
532,532-Nagoya.txt,JAP,Tokai,9980844,6,3,1,5,0,2,1,9,city,census/admin,0,0,3,0,0,0,0,0,0,0,0,0
533,533-Akita.txt,JAP,Kita-Tohoku,2395403,0,0,0,5,0,1,0,0,large_town,census/admin,0,0,0,0,0,0,0,0,0,0,0,0
534,534-Niigata.txt,JAP,Koshinetsu,2195786,0,0,0,5,0,1,0,0,large_town,census/admin,0,0,0,0,0,0,0,0,0,0,0,0
535,535-Nagano.txt,JAP,Hokuriku,1996169,0,0,0,5,0,0,0,0,town,census/admin,0,0,0,0,0,0,0,0,0,0,0,0
536,536-Hokkaido.txt,JAP,Hokkaido,5090231,1,0,0,5,0,1,0,0,city,census/admin,0,0,0,0,0,0,0,0,0,0,0,0
537,537-South Sakhalin.txt,SOV,South Sakhalin,61307,0,0,0,1,0,0,0,1,pastoral,wikidata/admin1,70,0,0,0,0,0,0,0,0,0,0,0
538,538-Cameroun.txt,COG,Coquilhatville,15870258,0,0,0,1,0,1,0,0,large_city,manual/2026,0,0,0,0,0,0,0,0,0,0,0,0
539,539-Gabon.txt,GAB,Gabon,2647399,1,0,0,2,0,0,0,0,large_town,country-wpp2026,8,0,0,0,0,0,0,0,0,0,0,0
540,540-Angola.txt,ANG,Luanda,24587875,1,0,0,2,0,1,0,0,large_city,wikidata/admin1,14,0,0,0,0,0,0,0,0,0,0,0
541,541-South West Africa.txt,NMB,Khomas,1580061,1,0,0,3,0,0,0,0,town,wikidata/admin1,0,0,0,0,0,0,0,0,0,0,0,0
542,542-Bechuana Land.txt,BOT,Bechuanaland,2603388,1,0,0,4,0,0,0,0,large_town,country-wpp2026,0,0,0,0,0,0,0,0,0,0,0,0
543,543-Madagascar.txt,MAD,Madagascar,33522052,1,0,0,2,0,0,0,0,metropolis,country-wpp2026,0,0,0,0,0,2,0,5,0,1,0,0
544,544-East Africa.txt,MZB,Lourenço Marques,19117371,1,0,0,2,0,0,0,0,large_city,manual/2026,0,1,0,4,0,0,0,3,0,0,0,0
545,545-Rhodessa.txt,ZIM,Rhodesia,17273580,1,1,0,2,0,0,0,0,large_city,country-wpp2026,0,0,0,0,0,5,0,0,2,0,0,0
546,546-Tanganyika.txt,TZN,Tanganyika,72563780,1,0,0,3,0,1,0,0,megalopolis,wikidata/admin1,0,0,0,0,0,0,0,0,0,0,0,0
547,547-East Africa.txt,KEN,Nairobi,18472236,1,0,0,3,0,1,0,0,large_city,wikidata/admin1,0,0,0,0,0,0,0,0,0,0,0,0
548,548-Uganda.txt,UGA,Uganda,52761469,1,0,0,2,0,0,0,0,megalopolis,country-wpp2026,0,0,0,0,0,0,0,0,0,0,0,0
549,549-Sudan.txt,SUD,Kurdufan,17586914,1,0,0,1,0,0,0,0,large_city,manual/2026,0,0,0,0,0,0,0,0,0,0,0,0
550,550-Eritrea.txt,ERI,Eritrea,3682669,1,0,0,2,0,0,0,0,large_town,country-wpp2026,0,0,0,0,0,0,0,0,0,0,0,0
551,551-Khartoum.txt,SUD,Khartoum,17573503,0,2,0,2,0,0,0,0,large_city,wikidata/admin1,0,0,0,0,0,0,0,0,0,0,0,0
552,552-Western Egypt.txt,EGY,Western Desert,2752507,0,0,0,2,0,1,0,0,large_town,manual/2026,0,0,0,0,0,0,0,0,0,0,0,0
553,553-Lebanon.txt,LEB,Lebanon,4663600,1,0,0,3,0,0,0,0,large_town,wikidata/admin1,0,0,0,0,0,0,0,0,0,0,0,0
554,554-Syria.txt,SYR,Damascus,5105411,0,1,0,1,0,0,0,0,city,wikidata/admin1,1,0,0,0,0,0,0,0,0,0,0,0
555,555-Lagos.txt,SOV,Kuril Islands,399085,0,0,0,2,0,0,0,2,tiny_island,wikidata/admin1,0,0,0,0,0,0,0,0,0,0,0,0
556,556-Mali.txt,MLI,Bamako,7573667,0,0,0,2,0,0,0,0,city,wikidata/admin1,0,0,0,0,0,0,0,0,0,0,0,0
557,557-Mauritania.txt,MRT,Mauritania,4986422,1,0,0,2,0,0,0,0,large_town,manual/2026,0,0,0,0,0,0,1,0,0,0,0,0
558,558-Nigeria.txt,NGA,Lagos,96624233,1,1,0,2,0,1,0,0,megalopolis,wikidata/admin1,23,0,0,0,0,0,0,0,0,0,0,1
559,559-Somaliland.txt,SOM,Somalia,4966159,1,1,0,2,0,0,0,0,large_town,country-wpp2026,0,0,0,0,0,0,0,0,0,0,0,0
560,560-TS 2.txt,SOV,Nikolayevsk,41072,0,0,0,1,0,0,0,2,wasteland,wikidata/admin1,0,0,0,0,0,0,0,0,0,0,0,0
561,561-TS 3.txt,SOV,Amur,654181,0,0,1,2,0,0,0,1,rural,wikidata/admin1,0,0,0,0,0,0,0,0,0,0,0,0
562,562-TS 4.txt,SOV,Okhotsk,1069594,0,0,0,2,0,0,0,0,town,wikidata/admin1,0,0,0,0,0,0,0,0,0,0,0,0
563,563-TS 5.txt,SOV,Chita,858535,0,0,0,2,0,0,0,0,town,wikidata/admin1,0,0,0,0,0,0,3,0,0,0,0,0
564,564-TS 6.txt,SOV,Buryatia,846974,0,0,0,2,0,0,0,0,town,wikidata/admin1,0,0,0,0,0,0,0,0,0,0,0,0
565,565-TS 7.txt,SOV,Bodaybo,289383,0,0,0,2,0,0,0,0,rural,wikidata/admin1,0,0,0,0,0,0,0,0,0,0,0,0
566,566-TS 8.txt,SOV,Irkutsk,2025375,0,0,0,2,0,1,0,0,large_town,wikidata/admin1,0,0,0,14,0,0,0,0,0,0,0,0
567,567-TS 9.txt,SOV,Bratsk,351482,0,0,0,2,0,0,0,0,rural,wikidata/admin1,0,0,0,0,0,0,0,0,0,0,0,0
568,568-TS 10.txt,SOV,Krasnoyarsk,2475136,0,0,0,2,0,1,0,0,large_town,wikidata/admin1,0,0,0,20,0,0,7,0,0,0,0,0
569,569-TS 11.txt,SOV,Khakassia,458362,0,0,0,2,0,0,0,0,rural,wikidata/admin1,0,0,0,0,0,0,0,0,0,0,0,0
570,570-TS 12.txt,SOV,Novosibirsk,2430266,0,0,0,2,0,1,0,0,large_town,wikidata/admin1,0,0,0,0,0,0,0,0,0,0,0,0
571,571-TS 13.txt,SOV,Omsk,1574924,0,3,0,2,0,0,0,1,town,wikidata/admin1,0,0,0,0,0,0,0,0,0,0,0,0
572,572-TS 14.txt,SOV,Chelyabinsk,2952318,3,3,0,2,0,1,0,4,large_town,wikidata/admin1,0,0,3,0,0,0,0,0,0,0,0,0
573,573-Ts 15.txt,SOV,Zlatoust,993233,0,0,0,2,0,0,0,0,town,wikidata/admin1,0,0,0,0,0,0,0,0,0,0,0,0
574,574-Siberia 1.txt,SOV,Yakutsk,287357,0,0,0,2,0,0,0,0,rural,wikidata/admin1,0,0,0,0,0,0,0,0,0,0,0,0
575,575-Siberia 2.txt,SOV,Kirensk,1384509,0,0,0,2,0,0,0,0,town,wikidata/admin1,0,0,0,0,0,0,0,0,0,0,0,0
576,576-Siberia 3.txt,SOV,Yeniseisk,452606,0,0,0,2,0,0,0,0,rural,wikidata/admin1,0,0,0,0,0,0,0,0,0,0,0,0
577,577-Siberia 4.txt,SOV,Surgut,1534413,0,0,0,2,0,0,0,0,town,wikidata/admin1,0,0,0,0,0,0,0,0,0,0,0,0
578,578-Siberia 5.txt,SOV,Tomsk,906793,0,0,0,2,0,0,0,0,town,wikidata/admin1,0,0,0,0,0,0,0,0,0,0,0,0
579,579-Siberia 6.txt,SOV,Salekhard,214175,0,0,0,2,0,0,0,0,rural,wikidata/admin1,0,0,0,0,0,0,0,0,0,0,0,0
580,580-Siberia 7.txt,SOV,Tobolsk,3393341,1,0,0,2,0,1,0,0,large_town,wikidata/admin1,0,0,0,0,0,0,0,0,0,0,0,0
581,581-Northern Urals.txt,SOV,Northern Urals,3681717,1,0,0,2,0,1,0,0,large_town,wikidata/admin1,0,0,0,0,0,1,5,0,0,0,0,0
582,582-Sourthern Urals.txt,SOV,Magnitogorsk,1959085,0,0,0,2,0,0,0,0,town,wikidata/admin1,0,0,3,0,0,0,5,0,0,0,0,0
583,583-Kazakhstan.txt,KAZ,Kostanay,458787,0,0,0,2,0,0,0,0,rural,wikidata/admin1,1,0,0,0,0,2,0,0,0,0,0,0
584,584-Turkmenistan.txt,TMS,Ashkhabad,6078782,1,0,0,2,0,0,0,0,city,manual/2026,8,0,0,0,0,0,0,0,0,0,0,0
585,585-Uzbekistan.txt,UZB,Navoi,3107343,0,0,0,1,0,1,0,0,large_town,wikidata/admin1,0,0,0,0,0,0,0,0,0,0,0,0
586,586-Kyrgyzstan.txt,KAZ,Alma-Ata,6793509,1,0,0,2,0,1,0,0,city,wikidata/admin1,22,0,1,1,1,23,0,0,0,0,0,0
587,587-Western Kazakstan.txt,KAZ,Ust Urt,1141256,0,0,0,2,0,0,0,0,town,wikidata/admin1,4,0,0,0,0,4,0,0,0,0,0,0
588,588-Some Mountains.txt,KAZ,Semipalatinsk,3029952,1,0,0,2,0,1,0,0,large_town,wikidata/admin1,10,0,0,1,0,10,0,0,0,0,0,0
589,589-Eastern Kazakhstan.txt,KAZ,Ayaguz,424275,0,0,0,2,0,0,0,0,rural,wikidata/admin1,1,0,0,0,0,1,6,0,0,0,0,0
590,590-Northern Kazakhstan.txt,KAZ,Akmolinsk,1199580,0,2,0,2,0,0,0,0,town,wikidata/admin1,4,0,0,0,0,4,0,0,0,0,0,0
591,591-Hainan.txt,CHI,Hainan,10169657,1,0,0,5,0,1,1,0,city,census/admin,0,0,0,0,0,0,0,0,0,0,0,8
592,592-Guangzhou.txt,CHI,Guangzhou,42132543,12,0,3,5,1,2,3,11,megalopolis,census/admin,0,0,0,0,0,0,0,0,0,0,0,0
593,593-Guangdong.txt,CHI,Guangdong,81827099,16,0,2,5,1,2,7,18,megalopolis,census/admin,0,0,0,0,11,0,0,0,0,0,7,4
594,594-Nanning.txt,CHI,Nanning,24191984,3,0,0,5,1,1,2,1,large_city,census/admin,0,0,0,0,0,0,0,0,0,0,0,0
595,595-Fujian.txt,CHI,Fujian,40824886,7,0,2,5,1,2,3,5,megalopolis,census/admin,0,0,0,0,17,0,0,0,0,0,0,0
596,596-Zhejiang.txt,CHI,Zhejiang,64615839,13,0,2,5,1,2,5,13,megalopolis,census/admin,0,0,0,0,0,0,0,0,0,0,0,0
597,597-Shandong.txt,CHI,Shandong,16750558,7,0,2,5,1,2,1,7,large_city,census/admin,48,49,13,125,0,0,0,45,0,0,11,0
598,598-Jiansu.txt,CHI,Jiangsu,73461783,22,0,6,5,1,2,6,27,megalopolis,census/admin,0,0,15,0,0,0,0,0,0,0,0,0
599,599-Guanxi.txt,CHI,Guangxi,21618975,2,0,0,5,1,1,2,0,large_city,census/admin,0,0,0,84,0,0,0,0,0,0,0,0
600,600-Jiangxi.txt,CHI,Jiangxi,44023014,5,0,0,5,1,2,4,2,megalopolis,census/admin,0,0,0,0,44,0,15,0,5,0,21,0
601,601-China 1.txt,CHI,Chamdo,492673,0,0,0,5,0,0,0,0,rural,census/admin,0,0,0,0,0,0,0,0,0,0,0,0
602,602-China 2.txt,CHI,Hunan,56770605,6,0,0,5,1,2,5,4,megalopolis,census/admin,0,0,0,0,33,0,0,27,0,0,0,0
603,603-China 3.txt,CHI,Guizhou,33793789,4,2,0,5,1,2,3,4,metropolis,census/admin,0,37,0,0,0,0,0,0,0,0,0,0
604,604-China 4.txt,CHI,Qinghai,3032573,0,0,0,5,0,1,0,0,large_town,census/admin,0,0,0,0,0,0,0,0,7,0,0,0
605,605-China 5.txt,CHI,Sichuan,56446140,6,3,0,5,1,2,4,6,megalopolis,census/admin,0,0,0,0,0,0,0,0,5,0,14,0
606,606-China 6.txt,CHI,Anhui,53025994,5,0,0,5,1,2,4,2,megalopolis,census/admin,0,37,5,0,0,0,11,0,0,0,0,0
607,607-China 7.txt,CHI,Henan,95700085,12,0,0,5,1,2,8,13,megalopolis,census/admin,0,37,0,105,17,1,0,0,0,1,0,0
608,608-Beijing.txt,CHI,Beiping,21294853,10,5,0,5,2,3,2,16,large_city,census/admin,0,0,0,0,0,0,0,0,0,0,0,0
609,609-China 8.txt,CHI,East Hebei,12305157,1,0,0,5,1,1,1,0,large_city,census/admin,0,0,30,0,0,0,0,0,0,0,0,0
610,610-China 9.txt,CHI,Jehol,3140336,0,0,0,5,0,1,0,0,large_town,census/admin,0,0,0,0,0,0,0,0,0,0,0,0
611,611-China 10.txt,CHI,Chahar,895292,0,0,0,5,0,0,0,0,town,census/admin,0,0,0,0,0,0,0,0,0,0,0,0
612,612-China 11.txt,CHI,Xilingol,5252878,1,0,0,5,0,1,0,0,city,census/admin,0,0,0,0,0,0,0,0,0,0,0,0
613,613-China 12.txt,CHI,Shanghai,24249222,8,0,5,5,1,2,2,12,large_city,census/admin,0,0,8,0,0,0,0,0,0,0,0,0
614,614-China 13.txt,CHI,Hebei,57872580,6,0,0,5,1,2,5,4,megalopolis,census/admin,0,0,30,0,0,0,0,0,0,0,0,0
615,615-Shanxi.txt,CHI,Shanxi,33794854,4,0,0,5,1,2,3,2,metropolis,census/admin,0,147,12,0,0,0,0,0,0,0,0,0
616,616-China 14.txt,CHI,Ningxia,7108035,1,0,0,5,0,1,1,0,city,census/admin,0,0,0,0,0,0,0,0,0,0,0,0
617,617-Xinjiang.txt,CHI,Urumqi,7298468,1,0,0,5,0,1,1,0,city,census/admin,95,62,0,84,0,0,0,0,0,0,0,0
618,618-China 15.txt,CHI,Dzungaria,4936412,1,0,0,5,0,1,0,0,large_town,census/admin,0,0,0,0,0,0,0,0,0,0,0,0
619,619-China 16.txt,CHI,Yarkand,1147200,0,0,0,5,0,0,0,0,town,census/admin,0,0,0,0,0,0,0,0,0,0,0,0
620,620-China 17.txt,CHI,Hubei,55734207,9,2,0,5,1,2,4,8,megalopolis,census/admin,0,0,8,0,0,0,0,0,0,0,0,0
621,621-China 18.txt,CHI,Suiyuan,1445941,0,0,0,5,0,0,0,0,town,census/admin,0,0,0,0,0,0,0,0,0,0,0,0
622,622-China 19.txt,CHI,Shaanbei,5836233,1,0,0,5,0,1,0,0,city,census/admin,0,0,0,0,0,0,0,0,0,0,0,0
623,623-Luzon.txt,PHI,Luzon,20990003,1,0,0,3,1,1,0,0,large_city,wikidata/admin1,0,0,0,0,0,0,0,0,0,0,0,0
624,624-Central islands.txt,PHI,Central Islands,32319475,2,1,0,4,1,1,0,0,metropolis,manual/2026,0,1,1,0,0,1,1,0,0,0,0,0
625,625-Samar.txt,PHI,Eastern Visayas,7475380,0,0,0,3,0,1,0,0,city,wikidata/admin1,0,0,0,0,0,0,0,0,0,0,0,0
626,626-Palawan.txt,PHI,Palawan,1565547,0,0,0,3,0,0,0,0,town,wikidata/admin1,0,0,0,0,0,0,0,0,0,0,0,0
627,627-Mindanao.txt,PHI,Davao,8709164,1,0,0,3,0,1,0,0,city,wikidata/admin1,0,0,0,0,0,0,0,0,0,1,0,2
628,628-Cebu.txt,PHI,Western Visayas,7856720,0,0,0,3,0,1,0,0,city,wikidata/admin1,0,0,0,0,0,0,0,0,0,0,0,0
629,629-Hawaii.txt,USA,Hawaii,1463304,0,0,0,4,0,0,0,0,town,census/admin,0,0,0,0,0,0,0,0,0,0,0,0
630,630-Johnston Atoll.txt,USA,Johnston Atoll,1000,0,0,0,4,0,0,0,2,tiny_island,manual/2026,0,0,0,0,0,0,0,0,0,0,0,0
631,631-Midway Island.txt,USA,Midway Island,1000,0,0,0,4,0,0,0,2,tiny_island,manual/2026,0,0,0,0,0,0,0,0,0,0,0,0
632,632-Wake Island.txt,USA,Wake Island,1000,0,0,0,4,0,0,0,2,tiny_island,wikidata/admin1,0,0,0,0,0,0,0,0,0,0,0,0
633,633-Marshall Islands.txt,MHL,Marshall Islands,35075,0,0,0,3,0,0,0,1,small_island,country-wpp2026,0,0,0,0,0,0,0,0,0,0,0,0
634,634-Solomon Islands.txt,SOL,Solomon Islands,121784,0,0,0,2,0,0,0,0,large_island,manual/2026,0,0,0,0,0,0,0,0,0,0,0,0
635,635-New Caledonia.txt,FRA,New Caledonia,285086,0,0,0,4,0,0,0,1,small_island,wikidata/admin1,0,0,0,0,0,0,0,0,0,0,0,0
636,636-Fiji.txt,FIJ,Fiji,937282,1,0,0,2,0,0,0,2,small_island,country-wpp2026,0,0,0,0,0,0,0,0,0,0,0,0
637,637-State 1.txt,SOV,Kamchatka,252004,0,0,0,2,0,0,0,0,rural,wikidata/admin1,0,0,0,0,0,0,0,0,0,0,0,0
638,638-Guam.txt,USA,Guam,173578,0,0,0,4,0,0,0,1,small_island,census/admin,0,0,0,0,0,0,0,0,0,0,0,0
639,639-Maiana.txt,KIR,Gilbert Islands,124402,0,0,0,3,0,0,0,1,small_island,wikidata/admin1,0,0,0,0,0,0,0,0,0,0,0,0
640,640-Mandalay.txt,BRM,Mandalay,10293652,1,1,0,1,0,1,0,0,city,wikidata/admin1,0,0,0,0,1,0,1,0,0,0,2,0
641,641-Tahiti.txt,FRA,Tahiti,285379,0,0,0,4,0,0,0,1,small_island,wikidata/admin1,0,0,0,0,0,0,0,0,0,0,0,0
642,642-Phoenix Island.txt,KIR,Phoenix Island,1000,0,0,0,2,0,0,0,2,tiny_island,wikidata/admin1,0,0,0,0,0,0,0,0,0,0,0,0
643,643-Fongafale.txt,TUV,Ellice Islands,9362,0,0,0,3,0,0,0,2,tiny_island,country-wpp2026,0,0,0,0,0,0,0,0,0,0,0,0
644,644-state 3.txt,SOV,Kolyma,116333,0,0,0,1,0,0,0,1,pastoral,wikidata/admin1,0,0,0,0,0,0,0,0,0,0,0,0
645,645-Iwo Jima.txt,JAP,Iwo Jima,2495,0,0,0,5,0,0,0,1,small_island,manual/2026,0,0,0,0,0,0,0,0,0,0,0,0
646,646-Saipan.txt,USA,Saipan,43770,0,0,0,4,0,0,0,1,small_island,census/admin,0,0,0,0,0,0,0,0,0,0,0,0
647,647-Palau.txt,PLU,Palau,12100,0,0,0,2,0,0,0,1,small_island,country-wpp2026,0,0,0,0,0,0,0,0,0,0,0,0
648,648-Marcus Island.txt,JAP,Marcus Island,1000,0,0,0,5,0,0,0,2,tiny_island,manual/2026,0,0,0,0,0,0,0,0,0,0,0,0
649,649-Galapagos Islands.txt,ECU,Galapagos Islands,32891,0,0,0,2,0,0,0,1,small_island,wikidata/admin1,0,0,0,0,0,0,0,0,0,0,0,0
650,650-Attu Island.txt,USA,Attu Island,1000,0,0,0,4,0,0,0,2,tiny_island,manual/2026,0,0,0,0,0,0,0,0,0,0,0,0
651,651-Sov state 5.txt,SOV,Ufa,3525538,1,1,0,2,0,1,0,0,large_town,wikidata/admin1,0,0,0,0,0,0,0,0,0,0,0,0
652,652-Sov state 6.txt,SOV,Orenburg,1594852,0,0,0,2,0,0,0,0,town,wikidata/admin1,0,0,0,0,0,0,0,0,0,0,0,0
653,653-Sov state 7.txt,SOV,Sverdlovsk,3681717,3,5,0,2,0,1,0,6,large_town,wikidata/admin1,0,0,3,10,0,0,0,0,0,0,0,0
654,654-sov state 8.txt,SOV,Oyrot Region,183233,0,0,0,1,0,0,0,1,pastoral,wikidata/admin1,0,0,0,0,0,0,0,0,0,0,0,0
655,655-North Sakhalin.txt,SOV,North Sakhalin,337778,0,0,0,2,0,0,0,0,rural,wikidata/admin1,70,0,0,0,0,0,0,0,0,0,0,0
656,656-Kuwait.txt,KUW,Kuwait,5102773,2,0,0,5,0,1,0,0,city,country-wpp2026,103,0,0,0,0,0,0,0,0,0,0,0
657,657-Border state.txt,SOV,Birobidzhan,125962,0,0,0,1,0,0,0,1,pastoral,wikidata/admin1,0,0,0,0,0,0,0,0,0,0,0,0
658,658-Arab UK 1.txt,UAE,Abu Dhabi,11574682,7,4,1,5,1,3,0,12,city,wikidata/admin1,129,0,1,32,0,0,0,0,0,0,0,0
659,659-Arabian UK 2.txt,STC,Hadhramaut,3810631,1,0,0,1,0,0,0,0,large_town,manual/2026,0,0,0,0,0,0,0,0,0,0,0,0
660,660-Equatorial Africa.txt,CAR,Equatorial Africa,5698984,1,1,0,3,0,0,0,0,city,country-wpp2026,0,0,0,0,0,0,0,0,0,0,0,0
661,661-Tripolitania.txt,LBA,Tripolitania,2899898,1,1,0,2,0,0,0,0,large_town,manual/2026,0,0,0,0,0,0,0,0,0,0,0,0
662,662-Sirte.txt,LNA,Sirte,83023,0,0,0,1,0,0,0,1,pastoral,manual/2026,0,0,0,0,0,0,0,0,0,0,0,0
663,663-Cyrenaica.txt,LNA,Cyrenaica,1353343,1,0,0,2,0,0,0,0,town,manual/2026,0,0,0,0,0,0,0,0,0,0,0,0
664,664-Southern Slovakia.txt,SLO,Southern Slovakia,1037758,0,0,0,3,0,0,0,0,town,wikidata/admin1,0,0,0,0,0,0,0,0,0,0,0,0
665,665-Gabes.txt,TUN,Gabès,3248398,0,0,0,1,0,0,0,0,large_town,wikidata/admin1,1,0,0,0,0,0,0,0,0,0,0,0
666,666-Norrnorrland.txt,SWE,Norrbotten,418450,0,0,0,5,0,0,0,0,rural,wikidata/admin1,0,0,0,0,0,0,0,0,0,0,0,0
667,667-West Nusa Tenggara.txt,INS,West Nusa Tenggara,7090681,1,0,0,2,0,1,0,0,city,wikidata/admin1,1,0,0,0,0,0,0,0,0,0,0,0
668,668-The Moluccas.txt,INS,The Moluccas,4145901,0,0,0,2,0,0,0,1,small_island,wikidata/admin1,0,0,0,0,0,0,0,0,0,0,0,0
669,669-Dutch New Guinea.txt,INS,Dutch New Guinea,9745723,1,0,0,2,0,1,0,0,city,wikidata/admin1,1,0,0,0,0,0,0,0,0,0,0,0
670,670-Laos.txt,LAO,Laos,4784410,1,0,0,2,0,0,0,0,large_town,manual/2026,0,1,0,0,0,0,1,0,0,0,0,1
671,671-Annam.txt,VIN,Tonkin,48041910,3,2,1,4,1,2,1,0,megalopolis,manual/2026,4,2,2,0,7,0,0,0,0,0,0,6
672,672-South Sumatra.txt,INS,South Sumatra,13407568,1,0,0,2,1,1,0,0,large_city,wikidata/admin1,1,23,0,1,0,0,0,0,0,0,0,31
673,673-Sulawesi.txt,INS,Sulawesi,11884865,1,0,0,2,0,1,0,0,city,wikidata/admin1,1,0,0,1,0,0,7,0,0,8,0,0
674,674-Central Australia.txt,AST,Central Australia,1267278,1,0,0,2,0,0,0,0,town,wikidata/admin1,1,0,0,0,0,0,0,0,0,0,0,0
675,675-Al Hajara.txt,IRQ,Al Hajara,2865350,0,0,0,1,0,1,0,0,large_town,manual/2026,0,0,0,0,0,0,0,0,0,0,0,0
676,676-Mosul.txt,IRQ,Mosul,6367444,1,0,0,1,0,1,0,0,city,manual/2026,39,0,0,0,0,0,0,0,0,0,0,0
677,677-Aleppo.txt,SYR,Aleppo,14169407,1,0,0,2,0,0,0,0,large_city,wikidata/admin1,2,0,0,0,0,0,0,0,0,0,0,0
678,678-Rub al Khali.txt,SAU,Rub al Khali,4531058,2,0,0,4,0,1,0,0,large_town,wikidata/admin1,48,0,0,1,0,0,0,0,0,0,0,0
679,679-Hejaz.txt,SAU,Madinah,2980342,2,0,0,4,0,1,0,0,large_town,wikidata/admin1,31,0,0,1,0,0,0,0,0,0,0,0
680,680-Deir-az-Zur.txt,SYR,Deir ez-Zor,3606388,0,0,0,1,0,0,0,0,large_town,wikidata/admin1,0,0,0,0,0,0,0,0,0,0,0,0
681,681-Soviet Lakes.txt,SAF,Cape,20768905,1,0,0,4,1,1,0,0,large_city,manual/2026,0,6,0,3,0,69,0,0,0,0,0,0
682,682-Northern Ontario.txt,CAN,Northern Ontario,5888031,3,0,0,5,0,1,1,1,city,wikidata/admin1,0,1,1,0,0,0,2,0,0,1,0,0
683,683-Northeastern Canada.txt,CAN,Nunavut,21586,0,0,0,4,0,0,0,2,wasteland,wikidata/admin1,0,0,0,0,0,0,0,0,0,0,0,0
684,684-Caroline Islands.txt,FSM,Caroline Islands,42357,0,0,0,2,0,0,0,1,small_island,country-wpp2026,0,0,0,0,0,0,0,0,0,0,0,0
685,685-Panama Canal.txt,PAN,Panamá Canal,408715,0,0,0,3,0,0,0,2,enclave,wikidata/admin1,0,0,0,0,0,0,1,0,0,0,0,0
686,686-Puerto Rico.txt,USA,Puerto Rico,3269612,1,0,0,4,0,1,0,0,large_town,census/admin,0,0,0,0,0,0,0,0,0,0,0,0
687,687-British Guyana.txt,GYA,British Guyana,840890,1,0,0,2,0,0,0,0,town,country-wpp2026,23,0,0,0,0,0,0,0,0,0,0,0
688,688-Chaco Boreal.txt,PAR,Chaco Boreal,5815326,1,0,0,2,0,0,0,0,city,manual/2026,0,0,0,0,0,0,0,0,0,0,0,0
689,689-Jamaica.txt,JAM,Jamaica,2833403,1,0,0,2,0,0,0,0,large_town,country-wpp2026,0,0,0,0,0,0,0,0,0,0,0,0
690,690-Bahama Islands.txt,BAH,Northern Bahamas,404628,1,0,0,3,0,0,0,3,tiny_island,country-wpp2026,0,0,0,0,0,0,0,0,0,0,0,0
691,691-Trinidad.txt,TRI,Trinidad,1513268,1,0,0,2,0,0,0,0,town,country-wpp2026,3,0,0,0,0,0,0,0,0,0,0,0
692,692-Windward Islands.txt,BRB,Barbados,282724,1,0,0,4,0,0,0,2,small_island,country-wpp2026,0,0,0,0,0,0,0,0,0,0,0,0
693,693-Southern Bahamas.txt,ENG,Turks and Caicos,56611,0,0,0,4,0,0,0,2,tiny_island,manual/2026,0,0,0,0,0,0,0,0,0,0,0,0
694,694-French Caribbean.txt,FRA,Guadeloupe,393245,0,0,0,4,0,0,0,0,rural,wikidata/admin1,0,0,0,0,0,0,0,0,0,0,0,0
695,695-Curacao.txt,HOL,Curaçao,156444,0,0,0,4,0,0,0,1,pastoral,wikidata/admin1,0,0,0,0,0,0,0,0,0,0,0,0
696,696-Bermuda.txt,ENG,Bermuda,78763,0,0,0,4,0,0,0,1,small_island,census/admin,0,0,0,0,0,0,0,0,0,0,0,0
697,697-Madeira.txt,POR,Madeira,557388,0,0,0,4,0,0,0,1,small_island,wikidata/admin1,0,0,0,0,0,0,0,0,0,0,0,0
698,698-Azores.txt,POR,Azores,525539,0,0,0,4,0,0,0,1,small_island,wikidata/admin1,0,0,0,0,0,0,0,0,0,0,0,0
699,699-Rio de Oro.txt,MOR,Western Sahara,786151,0,0,0,1,0,0,0,0,rural,manual/2026,0,0,0,0,0,0,0,0,0,0,0,0
700,700-Sierra Leone.txt,SIE,Sierra Leone,8996745,1,0,0,2,0,0,0,0,city,country-wpp2026,0,0,0,0,0,0,0,0,0,0,0,0
701,701-Gambia.txt,GAM,Gambia,2884079,1,0,0,2,0,0,0,3,enclave,country-wpp2026,0,0,0,0,0,0,0,0,0,0,0,0
702,702-Cape Verde.txt,CBV,Cape Verde,529630,0,0,0,4,0,0,0,1,small_island,country-wpp2026,0,0,0,0,0,0,0,0,0,0,0,0
703,703-Ascension.txt,ENG,Ascension,1000,0,0,0,4,0,0,0,2,tiny_island,manual/2026,0,0,0,0,0,0,0,0,0,0,0,0
704,704-Saint Helena.txt,ENG,Saint Helena,5415,0,0,0,4,0,0,0,2,tiny_island,manual/2026,0,0,0,0,0,0,0,0,0,0,0,0
705,705-Sao Tome.txt,STP,Sao Tome,244994,0,0,0,2,0,0,0,2,tiny_island,country-wpp2026,0,0,0,0,0,0,0,0,0,0,0,0
706,706-Reunion.txt,FRA,Reunion,910719,0,0,0,4,0,0,0,1,small_island,wikidata/admin1,0,0,0,0,0,0,0,0,0,0,0,0
707,707-Mauritius.txt,MAU,Mauritius,1265059,1,0,0,3,0,0,0,2,small_island,country-wpp2026,0,0,0,0,0,0,0,0,0,0,0,0
708,708-Comoro Islands.txt,COM,Comoro Islands,899010,1,0,0,2,0,0,0,2,small_island,country-wpp2026,0,0,0,0,0,0,0,0,0,0,0,0
709,709-Seychelles.txt,SEY,Seychelles,134959,0,0,0,4,0,0,0,1,small_island,country-wpp2026,0,0,0,0,0,0,0,0,0,0,0,0
710,710-Diego Garcia.txt,ENG,Diego Garcia,4923,0,0,0,4,0,0,0,2,tiny_island,manual/2026,0,0,0,0,0,0,0,0,0,0,0,0
711,711-Christmas Island.txt,AST,Christmas Island,1718,0,0,0,5,0,0,0,2,tiny_island,manual/2026,0,0,0,0,0,0,0,0,0,0,0,0
712,712-Cocos Islands.txt,AST,Cocos Islands,1000,0,0,0,5,0,0,0,2,tiny_island,manual/2026,0,0,0,0,0,0,0,0,0,0,0,0
713,713-Kerguelen.txt,FRA,Kerguelen,1000,0,0,0,4,0,0,0,2,tiny_island,wikidata/admin1,0,0,0,0,0,0,0,0,0,0,0,0
714,714-Heilungkiang.txt,CHI,Heilungkiang,24466334,3,2,0,5,1,1,2,3,large_city,census/admin,0,0,0,0,0,0,0,0,0,0,0,0
715,715-Liaoning.txt,CHI,Liaobei,33731338,7,5,3,5,1,2,3,13,metropolis,census/admin,0,0,15,0,0,0,0,0,0,0,0,0
716,716-Liaotung.txt,CHI,Liaoning,7030321,4,6,3,5,0,2,1,12,city,census/admin,0,0,15,0,0,0,0,0,0,0,0,0
717,717-Chuho.txt,CHI,Sungkiang,5271383,1,0,0,5,0,1,0,0,city,census/admin,0,0,0,0,0,0,0,0,0,0,0,0
718,718-Stanleyville.txt,COG,Stanleyville,14326677,0,0,0,1,0,1,0,0,large_city,wikidata/admin1,0,0,0,0,0,0,0,0,0,0,0,0
719,719-Natal.txt,SAF,Natal,16126934,1,0,0,4,1,1,0,0,large_city,wikidata/admin1,0,4,0,2,0,53,0,0,0,0,0,0
720,720-South Georgia.txt,ENG,South Georgia,1000,0,0,0,4,0,0,0,2,tiny_island,manual/2026,0,0,0,0,0,0,0,0,0,0,0,0
721,721-Portuguese Timor.txt,TML,East Timor,1436923,1,0,0,2,0,0,0,0,town,country-wpp2026,0,0,0,0,0,0,0,0,0,0,0,0
722,722-Petsamo.txt,SOV,Petsamo,572509,0,0,0,2,0,0,0,2,enclave,wikidata/admin1,0,0,0,0,0,0,0,0,0,0,0,0
723,723-Southern Island.txt,NZL,Canterbury,1097974,1,0,0,4,0,0,0,0,town,wikidata/admin1,0,0,0,1,0,0,0,0,0,0,0,0
724,724-Southern Siam.txt,SIA,Southern Siam,8400206,1,0,0,4,0,1,0,0,city,manual/2026,1,0,0,0,0,0,0,0,0,0,0,88
725,725-Nauru.txt,NAU,Nauru,12101,0,0,0,3,0,0,0,2,tiny_island,country-wpp2026,0,0,0,0,0,0,0,0,0,0,0,0
726,726-Samoa.txt,SAM,Samoa,113214,0,0,0,2,0,0,0,1,small_island,country-wpp2026,0,0,0,0,0,0,0,0,0,0,0,0
727,727-Line Islands.txt,KIR,Line Islands,13043,0,0,0,2,0,0,0,1,small_island,wikidata/admin1,0,0,0,0,0,0,0,0,0,0,0,0
728,728-Guangzhouwan.txt,CHI,Guangzhouwan,487520,8,0,2,5,0,0,0,12,enclave,census/admin,0,0,0,0,0,0,0,0,0,0,0,0
729,729-Macau.txt,CHI,Macau,705137,0,0,0,5,0,0,0,2,enclave,census/admin,0,0,0,0,0,0,0,0,0,0,0,0
730,730-St Pierre and Miquelon .txt,FRA,St Pierre and Miquelon,6115,0,0,0,4,0,0,0,2,tiny_island,wikidata/admin1,0,0,0,0,0,0,0,0,0,0,0,0
731,731-Central Macedonia.txt,GRE,Central Macedonia,2171630,1,0,0,4,0,1,0,0,large_town,wikidata/admin1,0,0,0,0,0,0,0,0,0,0,0,0
732,732-Pamir.txt,KYR,Pamir,7400465,1,0,0,1,0,0,0,0,city,country-wpp2026,0,0,0,0,0,0,0,0,0,0,0,0
733,733-Andaman.txt,RAJ,Andaman,392589,0,0,0,3,0,0,0,1,small_island,census/admin,0,0,0,0,0,0,0,0,0,0,0,0
734,734-Nendo.txt,SOL,Santa Cruz Islands,3383,0,0,0,2,0,0,0,1,small_island,manual/2026,0,0,0,0,0,0,0,0,0,0,0,0
735,735-Savoy.txt,FRA,Savoy,1340349,0,0,0,4,0,0,0,0,town,wikidata/admin1,0,0,0,0,0,0,0,0,0,0,0,0
736,736-Litorale.txt,SLV,Slovenian Littoral,382104,0,0,0,4,0,0,0,0,rural,manual/2026,0,0,0,0,0,0,0,0,0,0,0,0
737,737-New Britain.txt,PNG,Bismarck,704758,0,0,0,1,0,0,0,0,large_island,manual/2026,0,0,0,0,0,0,0,0,0,0,0,0
738,738-Aru Islands.txt,INS,Aru Islands,2443434,0,0,0,2,0,0,0,1,small_island,wikidata/admin1,0,0,0,0,0,0,0,0,0,0,0,0
739,739-Haida Gwaii.txt,CAN,Haida Gwaii,15611,0,0,0,5,0,0,0,1,small_island,wikidata/admin1,0,0,0,0,0,0,0,0,0,0,0,0
740,740-Vancouver Island.txt,CAN,Vancouver Island,16299,0,0,0,4,0,0,0,2,wasteland,wikidata/admin1,0,0,0,0,0,0,0,0,0,0,0,0
741,741-Cambodia.txt,CAM,Cambodia,16992212,1,0,0,2,0,0,0,0,large_city,manual/2026,0,0,0,0,0,0,0,0,0,0,0,9
742,742-Stalinabad.txt,TAJ,Stalinabad,10978599,1,0,0,3,0,0,0,0,city,country-wpp2026,0,0,0,1,0,0,0,0,0,0,0,0
743,743-Qingdao.txt,CHI,Qingdao,20694,0,0,0,4,0,0,0,2,wasteland,census/admin,0,0,0,0,0,0,0,0,0,0,0,0
744,744-Xian.txt,CHI,Xian,19266200,2,3,0,5,1,1,2,3,large_city,census/admin,0,0,0,0,0,0,0,0,0,0,0,0
745,745-Dalian.txt,CHI,Dalian,14475,0,0,3,4,0,0,0,5,wasteland,census/admin,0,0,0,0,0,0,0,0,0,0,0,0
746,746-Ordos.txt,CHI,Ordos,1071313,0,2,0,5,0,0,0,0,town,census/admin,0,0,0,0,0,0,0,0,0,0,0,0
747,747-Dali Bai.txt,CHI,Dali,45563576,5,0,0,5,1,2,4,2,megalopolis,census/admin,0,0,0,0,0,0,0,0,0,0,0,0
748,748-Zunyi.txt,CHI,Zunyi,3803717,0,0,0,5,0,1,0,0,large_town,census/admin,0,0,0,0,0,0,0,0,0,0,0,0
749,749-Huangshan.txt,CHI,Huangshan,6656147,1,0,0,5,0,1,1,0,city,census/admin,0,0,0,0,0,0,0,0,0,0,0,0
750,750-Changde.txt,CHI,Changde,7272886,1,0,0,5,0,1,1,0,city,census/admin,0,0,0,0,0,0,0,0,0,0,0,0
751,751-Liangshan.txt,CHI,Liangshan,8791742,1,0,0,5,0,1,1,0,city,census/admin,0,0,0,0,0,0,0,0,0,0,0,0
752,752-Chamdo.txt,CHI,Ganzi,364652,0,0,0,5,0,0,0,0,rural,census/admin,0,0,0,0,0,0,0,0,0,0,0,0
753,753-Gannan.txt,CHI,Gannan,5651250,1,0,0,5,0,1,0,0,city,census/admin,0,0,0,0,0,0,0,0,0,0,0,0
754,754-Golog.txt,CHI,Golog,1024889,0,0,0,5,0,0,0,0,town,census/admin,0,0,0,0,0,0,0,0,0,0,0,0
755,755-Haixi.txt,CHI,Haixi,1734270,0,0,0,5,0,0,0,0,town,census/admin,0,0,0,0,0,0,0,0,0,0,0,0
756,756-Jiuquan.txt,CHI,Jiuquan,9348721,1,0,0,5,0,1,1,0,city,census/admin,0,0,0,0,0,0,0,0,0,0,0,0
757,757-Shigatse.txt,CHI,Shigatse,430745,0,0,0,5,0,0,0,0,rural,census/admin,0,0,0,0,0,0,0,0,0,0,0,0
758,758-Ngari.txt,CHI,Ngari,546428,0,0,0,5,0,0,0,0,rural,census/admin,0,0,0,0,0,0,0,0,0,0,0,0
759,759-Kunlun.txt,CHI,Kunlun Shan,1132942,0,0,0,5,0,0,0,0,town,census/admin,0,0,0,0,0,0,0,0,0,0,0,0
760,760-Dabancheng.txt,CHI,Dabancheng,2974223,0,0,0,5,0,1,0,0,large_town,census/admin,0,0,0,0,0,0,0,0,0,0,0,0
761,761-Hulunbuir.txt,CHI,Hulunbuir,8493492,1,0,0,5,0,1,1,0,city,census/admin,0,0,0,0,0,0,0,0,0,0,0,0
762,762-Katowice.txt,POL,Katowice,334617,0,1,0,4,0,0,0,1,rural,wikidata/admin1,0,2,0,0,0,0,0,0,0,0,0,0
763,763-Konigsberg.txt,SOV,Königsberg,867434,0,0,1,2,0,0,0,0,town,wikidata/admin1,0,0,0,0,0,0,0,0,0,0,0,0
764,764-West Banat.txt,SER,West Banat,266295,0,0,0,1,0,0,0,0,rural,wikidata/admin1,0,0,0,0,0,0,0,0,0,0,0,0
765,765-Qatar.txt,QAT,Qatar,3173559,4,0,0,5,0,2,0,3,large_town,country-wpp2026,68,0,0,3,0,0,0,0,0,0,0,0
766,766-Southern Bessarabia.txt,UKR,Southern Bessarabia,479814,0,0,0,1,0,0,0,0,rural,wikidata/admin1,0,0,0,0,0,0,0,0,0,0,0,0
767,767-North Darfur.txt,RSF,North Darfur,3704729,0,0,0,1,0,0,0,0,large_town,manual/2026,0,0,0,0,0,0,0,0,0,0,0,0
768,768-Rwanda.txt,RWA,Rwanda,14889693,1,0,0,3,0,0,0,0,large_city,country-wpp2026,0,0,0,0,2,0,0,0,0,0,0,0
769,769-Burundi.txt,BRD,Burundi,14729157,1,0,0,2,0,0,0,0,large_city,country-wpp2026,0,0,0,0,0,0,0,0,0,0,0,0
770,770-Malawi.txt,MLW,Malawi,22785535,1,0,0,2,0,0,0,0,large_city,country-wpp2026,0,0,0,0,0,0,0,0,0,0,0,0
771,771-Zambia.txt,ZAM,Zambia,21224841,1,0,0,2,0,0,0,0,large_city,manual/2026,0,0,0,0,0,0,18,0,0,0,0,0
772,772-Middle Congo.txt,RCG,Middle Congo,6637785,1,0,0,2,0,0,0,0,city,country-wpp2026,10,0,0,0,0,0,0,0,0,0,0,0
773,773-Cameroon.txt,CMR,Cameroon,30640817,1,0,0,2,0,0,0,0,metropolis,country-wpp2026,2,0,0,1,0,0,0,0,0,0,0,1
774,774-Chad.txt,CHA,Chad,20816919,1,0,0,2,0,0,0,0,large_city,manual/2026,4,0,0,0,0,0,0,0,0,0,0,0
775,775-B.E.T..txt,CHA,B.E.T.,743461,0,0,0,1,0,0,0,0,rural,manual/2026,0,0,0,0,0,0,0,0,0,0,0,0
776,776-Dahomey.txt,DAH,Dahomey,15170419,1,0,0,3,0,0,0,0,large_city,country-wpp2026,0,0,0,0,0,0,0,0,0,0,0,0
777,777-Togo.txt,TOG,Togo,9930918,1,0,0,2,0,0,0,0,city,country-wpp2026,0,0,0,0,0,0,0,0,0,0,0,0
778,778-Upper Volta.txt,VOL,Upper Volta,24601700,1,0,0,2,0,0,0,0,large_city,country-wpp2026,0,0,0,0,0,0,0,0,0,0,0,0
779,779-Ivory Coast.txt,IVO,Ivory Coast,33494346,1,0,0,3,0,1,0,0,metropolis,country-wpp2026,0,0,0,0,0,0,0,0,0,0,0,35
780,780-Guinea.txt,GNA,Guinea,15441993,1,0,0,2,0,0,0,0,large_city,country-wpp2026,0,0,0,0,0,0,0,0,0,0,0,0
781,781-Niger.txt,NGR,Niger,25357093,1,0,0,2,0,0,0,0,metropolis,manual/2026,0,0,0,0,0,0,0,0,0,0,0,0
782,782-Tombouctou.txt,AZA,Kidal,458732,0,0,0,2,0,0,0,0,rural,manual/2026,0,0,0,0,0,0,0,0,0,0,0,0
783,783-Sidi Ifni.txt,MOR,Sidi Ifni,205581,0,0,0,1,0,0,0,0,rural,wikidata/admin1,0,0,0,0,0,0,0,0,0,0,0,0
784,784-Ermland-Masuren.txt,LIT,Vilna,1002250,1,0,0,4,0,0,0,0,town,wikidata/admin1,0,0,0,0,0,0,0,0,0,0,0,0
785,785-Picardy.txt,FRA,Picardy,1972716,0,0,0,4,0,0,0,0,town,wikidata/admin1,0,0,0,0,0,0,0,0,0,0,0,0
786,786-Mauritanian Desert.txt,MRT,Mauritanian Desert,474897,0,0,0,1,0,0,0,0,rural,manual/2026,0,0,0,0,0,0,0,0,0,0,0,0
787,787-North Kashmir.txt,PAK,Gilgit-Baltistan,841130,0,0,0,1,0,0,0,0,town,wikidata/admin1,0,0,0,0,0,0,0,0,0,0,0,0
788,788-Salamanca.txt,SPR,Salamanca,385782,0,0,0,4,0,0,0,0,rural,wikidata/admin1,0,0,0,0,0,0,0,0,0,0,0,0
789,789-Cordoba.txt,SPR,Córdoba,909051,0,0,0,4,0,0,0,0,town,wikidata/admin1,0,0,0,0,0,0,0,0,0,0,0,0
790,790-Asturias.txt,SPR,Asturias,1186746,0,0,0,4,0,0,0,0,town,wikidata/admin1,0,0,0,0,0,0,0,0,0,0,0,0
791,791-Valladolid.txt,SPR,Valladolid,618548,0,0,0,4,0,0,0,0,rural,wikidata/admin1,0,0,0,0,0,0,0,0,0,0,0,0
792,792-Basque Country.txt,SPR,País Vasco,2625900,1,0,0,4,0,1,0,0,large_town,wikidata/admin1,0,0,0,0,0,0,0,0,0,0,0,0
793,793-Guadalajara.txt,SPR,Guadalajara,329478,0,0,0,4,0,0,0,0,rural,wikidata/admin1,0,0,0,0,0,0,0,0,0,0,0,0
794,794-Eastern Aragon.txt,SPR,Eastern Aragón,1074907,0,0,0,4,0,0,0,0,town,wikidata/admin1,0,0,0,0,0,0,0,0,0,0,0,0
795,795-Santarem.txt,POR,Santarém,127580,0,0,0,3,0,0,0,1,pastoral,wikidata/admin1,0,0,0,0,0,0,0,0,0,0,0,0
796,796-North Angola.txt,ANG,Cabinda,2519419,0,0,0,1,0,1,0,0,large_town,wikidata/admin1,28,0,0,0,0,0,0,0,0,0,0,0
797,797-Istanbul.txt,TUR,Istanbul,28599586,4,2,1,4,1,2,1,3,metropolis,wikidata/admin1,1,0,7,1,0,0,1,0,0,0,0,0
798,798-Amasya.txt,TUR,Amasya,573041,0,0,0,3,0,0,0,0,rural,wikidata/admin1,0,0,0,0,0,0,0,0,0,0,0,0
799,799-Hatay.txt,TUR,Hatay,2743007,0,0,0,3,0,0,0,2,enclave,wikidata/admin1,0,0,0,0,0,0,0,0,0,0,0,0
800,800-Van.txt,TUR,Van,1816594,0,0,0,3,0,0,0,0,town,wikidata/admin1,0,0,0,0,0,0,0,0,0,0,0,0
801,801-Moesia.txt,BUL,Moesia,3636734,1,0,0,3,0,1,0,0,large_town,manual/2026,0,1,0,0,0,0,1,0,0,0,0,0
802,802-Kosovo.txt,KOS,Kosovo,1666992,1,0,0,3,0,0,0,0,town,country-wpp2026,0,1,0,0,0,0,0,0,0,0,0,0
803,803-Southern Serbia.txt,SER,Southern Serbia,997260,0,1,0,1,0,0,0,0,town,manual/2026,0,0,0,0,0,0,0,0,0,0,0,0
804,804-Herzegovina.txt,BOS,Herzegovina,47230,0,0,0,1,0,0,0,2,wasteland,wikidata/admin1,0,0,0,0,0,0,0,0,0,0,0,0
805,805-Northern Epirus.txt,ALB,Northern Epirus,129596,0,0,0,1,0,0,0,1,pastoral,manual/2026,0,0,0,0,0,0,0,0,0,0,0,0
806,806-French Basque Country.txt,FRA,Pyrénées-Atlantiques,723273,0,0,0,4,0,0,0,0,rural,wikidata/admin1,0,0,0,0,0,0,0,0,0,0,0,0
807,807-Gdynia.txt,POL,Gdynia,2977700,1,0,1,4,0,1,0,0,large_town,wikidata/admin1,0,0,0,0,0,0,0,0,0,0,0,0
808,808-Riga.txt,LAT,Rīga,450246,0,0,0,3,0,0,0,0,rural,wikidata/admin1,0,0,0,0,0,0,0,0,0,0,0,0
809,809-Latgale.txt,LAT,Zemgale,244653,0,0,0,3,0,0,0,0,rural,manual/2026,0,0,0,0,0,0,0,0,0,0,0,0
810,810-Zemgale.txt,LAT,Latgale,198780,0,0,0,2,0,0,0,1,pastoral,manual/2026,0,0,0,0,0,0,0,0,0,0,0,0
811,811-Saaremaa.txt,EST,Saaremaa,40280,0,0,0,4,0,0,0,1,small_island,wikidata/admin1,0,0,0,0,0,0,0,0,0,0,0,0
812,812-Tallinn.txt,EST,Harju,813013,1,0,0,4,0,0,0,0,town,wikidata/admin1,0,0,0,0,0,0,0,0,0,0,0,0
813,813-Rakvere.txt,EST,Virumaa,163530,0,0,0,3,0,0,0,1,pastoral,manual/2026,0,0,0,0,0,0,0,0,0,0,0,0
814,814-Suduva.txt,LIT,Sūduva,159978,0,0,0,3,0,0,0,1,pastoral,wikidata/admin1,0,0,0,0,0,0,0,0,0,0,0,0
815,815-Aukstaitija.txt,LIT,Aukštaitija,556230,0,0,0,4,0,0,0,0,rural,wikidata/admin1,0,0,0,0,0,0,0,0,0,0,0,0
816,816-West Virginia.txt,USA,West Virginia,1801323,0,0,0,4,0,0,0,0,town,census/admin,0,7,0,0,0,0,0,0,0,0,0,0
817,817-Gobi.txt,MON,Gobi,376994,0,0,0,1,0,0,0,0,rural,manual/2026,0,1,0,0,0,0,1,0,0,0,0,0
818,818-Khovd.txt,MON,Khovd,162108,0,0,0,1,0,0,0,1,pastoral,wikidata/admin1,0,0,0,0,0,0,0,0,0,0,0,0
819,819-Dornod.txt,MON,Dornod,144155,0,0,0,1,0,0,0,1,pastoral,wikidata/admin1,0,0,0,0,0,0,0,0,0,0,0,0
820,820-Khovsgol.txt,MON,Khövsgöl,241576,0,0,0,1,0,0,0,0,rural,wikidata/admin1,0,0,0,0,0,0,1,0,0,0,0,0
821,821 - Chenchnya-Ingushetia.txt,SOV,Chechnya-Ingushetia,459795,0,0,0,2,0,0,0,0,rural,wikidata/admin1,0,0,0,0,0,0,0,0,0,0,0,0
822,822 - Chukotka.txt,SOV,Chukotka,41669,0,0,0,1,0,0,0,2,wasteland,wikidata/admin1,0,0,0,0,0,0,0,0,0,0,0,0
823,823 - Karakalpakstan.txt,UZB,Karakalpakstan,8704334,1,0,0,1,0,1,0,0,city,wikidata/admin1,1,0,0,0,0,0,1,0,0,0,0,0
824,824 - Yamalia.txt,SOV,Yamalia,235817,0,0,0,2,0,0,0,0,rural,wikidata/admin1,0,0,0,0,0,0,0,0,0,0,0,0
825,825 - Nenetsia.txt,SOV,Nenets,449992,0,0,0,2,0,0,0,0,rural,wikidata/admin1,0,0,0,0,0,0,0,0,0,0,0,0
826,826 - Abkhazia.txt,ABK,Abkhazia,300398,0,1,0,3,0,0,0,1,rural,country-wpp2026,0,0,0,0,0,0,0,0,0,0,0,0
827,827 - Kabardino-Balkaria.txt,SOV,Kabardino-Balkaria,789696,0,0,0,2,0,0,0,0,rural,wikidata/admin1,0,0,0,0,4,0,0,0,0,0,0,0
828,828 - North Ossetia.txt,SOV,North Ossetia,592081,0,0,0,2,0,0,0,0,rural,wikidata/admin1,0,0,0,0,0,0,0,0,0,0,0,0
829,829 - Volga Germany.txt,SOV,Engels-Marxstadt,846822,0,0,0,2,0,0,0,0,town,wikidata/admin1,0,0,0,0,0,0,0,0,0,0,0,0
830,830 - Bukhara.txt,UZB,Bukhara,6250719,0,0,0,1,0,1,0,0,city,wikidata/admin1,0,0,0,0,0,0,1,0,0,0,0,0
831,831 - Khiva.txt,UZB,Khiva,7692446,0,0,0,1,0,1,0,0,city,manual/2026,0,0,0,0,0,0,1,0,0,0,0,0
832,832 - Dashhowuz.txt,TMS,Tashauz,1657850,0,0,0,1,0,0,0,0,town,manual/2026,2,0,0,0,0,0,0,0,0,0,0,0
833,833 - Mari El.txt,SOV,Mari El,584210,0,0,0,2,0,0,0,0,rural,wikidata/admin1,0,0,0,0,0,0,0,0,0,0,0,0
834,834 - Balta.txt,PMR,Transnistria,464894,0,1,0,3,0,0,0,1,rural,country-wpp2026,0,0,0,0,0,0,0,0,0,0,0,0
835,835-Haraghe.txt,ETH,Hararghe,20259142,1,0,0,1,0,1,0,0,large_city,manual/2026,0,0,0,0,0,0,0,0,0,0,0,0
836,836-Bale.txt,ETH,Bale,6367159,0,0,0,1,0,1,0,0,city,manual/2026,0,0,0,0,0,0,0,0,0,0,0,0
837,837-Sidamo.txt,ETH,Sidamo,23153305,1,0,0,1,0,1,0,0,large_city,manual/2026,0,0,0,0,0,0,0,0,0,0,0,0
838,838-Illubabor.txt,ETH,Illubabor-Kaffa,10129571,0,0,0,1,0,1,0,0,city,manual/2026,0,0,0,0,0,0,0,0,0,0,0,0
839,839-Welega.txt,ETH,Welega,11576653,0,0,0,1,0,1,0,0,city,manual/2026,0,0,0,0,0,0,0,0,0,0,0,0
840,840-Gojjam.txt,ETH,Gojjam,15917897,0,0,0,1,0,1,0,0,large_city,manual/2026,0,0,0,0,0,0,0,0,0,0,0,0
841,841-Begemder.txt,ETH,Begemder,14470816,0,0,0,1,0,1,0,0,large_city,manual/2026,0,0,0,0,0,0,0,0,0,0,0,0
842,842-Tigray.txt,ETH,Tigray,14355058,0,0,0,1,0,1,0,0,large_city,wikidata/admin1,0,0,0,0,0,0,0,0,0,0,0,0
843,843-Wello.txt,ETH,Wello,11576652,0,0,0,1,0,1,0,0,city,manual/2026,0,0,0,0,0,0,0,0,0,0,0,0
844,844-jubaland.txt,JUB,Jubaland,1196665,0,1,0,2,0,0,0,0,town,country-wpp2026,0,0,0,0,0,0,0,0,0,0,0,0
845,845-Jura Mountains.txt,SWI,Jura Mountains,243928,0,0,0,5,0,0,0,0,rural,wikidata/admin1,0,0,0,0,0,0,0,0,0,0,0,0
846,846-Ticino.txt,SWI,Ticino,346254,0,0,0,5,0,0,0,0,rural,wikidata/admin1,0,0,0,0,0,0,0,0,0,0,0,0
847,847-Western Swiss Alps.txt,SWI,Western Swiss Alps,699205,1,0,0,5,0,0,0,1,rural,wikidata/admin1,0,0,0,0,0,0,0,0,0,0,0,0
848,848-Voralberg.txt,AUS,Vorarlberg,568554,0,0,0,4,0,0,0,0,rural,wikidata/admin1,0,0,0,0,0,0,0,0,0,0,0,0
849,849-Puglia.txt,ITA,Puglia,4216664,0,0,0,4,0,1,0,0,large_town,wikidata/admin1,0,0,0,0,0,0,0,0,0,0,0,0
850,850-Trentino.txt,ITA,Trentino,598425,0,0,0,4,0,0,0,0,rural,wikidata/admin1,0,0,0,0,0,0,0,0,0,0,0,0
851,851-Var.txt,FRA,Var,1145777,0,0,1,4,0,0,0,0,town,wikidata/admin1,0,0,0,0,0,0,0,0,0,0,0,0
852,852-Istria.txt,CRO,Istria,707356,0,0,0,3,0,0,0,0,rural,wikidata/admin1,0,0,0,0,0,0,0,0,0,0,0,0
853,853-Ljubljana.txt,SLV,Ljubljana,343000,0,0,0,4,0,0,0,0,rural,wikidata/admin1,0,0,0,0,0,0,0,0,0,0,0,0
854,854-Jawf.txt,SAU,Jawf,710575,0,0,0,4,0,0,0,0,rural,wikidata/admin1,7,0,0,0,0,0,0,0,0,0,0,0
855,855-Tabuk.txt,SAU,Tabuk,1106141,1,0,0,4,0,0,0,0,town,wikidata/admin1,12,0,0,0,0,0,0,0,0,0,0,0
856,856-Asir-Makkah.txt,SAU,Asir-Makkah,12754486,6,0,0,4,1,2,0,3,large_city,wikidata/admin1,134,0,1,4,0,0,0,0,0,0,0,0
857,857-Ha'il.txt,SAU,Al-Qassim,1699118,1,0,0,4,0,0,0,0,town,wikidata/admin1,18,0,0,1,0,0,0,0,0,0,0,0
858,858-Najiran.txt,SAU,Najiran,706630,0,0,0,4,0,0,0,0,rural,wikidata/admin1,7,0,0,0,0,0,0,0,0,0,0,0
859,859-Dammam.txt,SAU,Dammam,5737679,3,2,0,4,0,1,0,2,city,wikidata/admin1,60,0,1,2,0,0,0,0,0,0,0,0
860,860-Cote-Nord.txt,CAN,Côte-Nord,3905640,2,0,0,5,0,1,1,1,large_town,wikidata/admin1,0,0,0,0,0,0,0,0,0,0,0,0
861,861-Saguenay.txt,CAN,Saguenay,2588822,1,0,0,5,0,1,0,0,large_town,wikidata/admin1,0,0,0,0,0,0,0,0,0,0,0,0
862,862-ouest du quebec.txt,CAN,Ouest du Quebec,256255,0,0,0,5,0,0,0,0,rural,wikidata/admin1,0,0,0,14,0,0,1,0,0,0,0,0
863,863-Maurice.txt,CAN,Maurice,340011,0,0,0,5,0,0,0,0,rural,wikidata/admin1,0,0,0,0,0,0,0,0,0,0,0,0
864,864-Yukon.txt,CAN,Yukon Territory,32342,0,0,0,4,0,0,0,2,wasteland,wikidata/admin1,0,0,0,0,0,0,0,0,0,0,0,0
865,865-Northern Saskatchewan.txt,CAN,N. Saskatchewan,435673,0,0,0,5,0,0,0,0,rural,wikidata/admin1,29,0,0,0,0,0,0,0,0,0,0,0
866,866-Districts of Ontario.txt,CAN,Districts of Ontario,5291095,2,0,0,5,0,1,1,0,city,wikidata/admin1,0,1,0,0,0,0,2,0,0,0,0,0
867,867-Northern Manitoba.txt,CAN,Northern Manitoba,1038340,1,0,0,5,0,0,0,0,town,wikidata/admin1,0,0,0,0,0,0,0,0,0,0,0,0
868,868-Isan.txt,SIA,Isan,19660057,2,0,0,4,1,1,0,0,large_city,manual/2026,3,0,0,0,0,0,0,0,0,0,0,0
869,869-Lanna.txt,SIA,Lanna,10723668,1,0,0,4,0,1,0,0,city,manual/2026,2,0,0,0,0,0,0,0,0,0,0,0
870,870-North West Australia.txt,AST,North West Australia,60858,0,0,0,4,0,0,0,1,pastoral,wikidata/admin1,0,0,0,0,0,0,0,0,0,0,0,0
871,871-South West Australia.txt,AST,South West Australia,291541,0,0,0,5,0,0,0,0,rural,wikidata/admin1,0,0,0,0,0,0,0,0,0,0,0,0
872,872-North Queensland.txt,AST,North Queensland,595499,0,0,0,5,0,0,0,0,rural,wikidata/admin1,0,7,0,3,0,0,2,0,0,0,0,0
873,873-South West Queensland.txt,AST,South West Queensland,126658,0,0,0,4,0,0,0,1,pastoral,wikidata/admin1,0,6,0,3,0,0,2,0,0,0,0,0
874,874-Magadan.txt,SOV,Magadan,116333,0,0,0,1,0,0,0,1,pastoral,wikidata/admin1,0,0,0,0,0,0,0,0,0,0,0,0
875,875-Chukchi Peninsulay.txt,SOV,Chukchi Peninsula,41669,0,0,0,1,0,0,0,2,wasteland,wikidata/admin1,0,0,0,0,0,0,0,0,0,0,0,0
876,876-Udachny.txt,SOV,Udachny,277477,0,0,0,2,0,0,0,0,rural,wikidata/admin1,0,0,0,0,0,0,0,0,0,0,0,0
877,877-Verkhoyansk.txt,SOV,Verkhoyansk,308763,0,0,0,2,0,0,0,0,rural,wikidata/admin1,0,0,0,0,0,0,0,0,0,0,0,0
878,878-Khatangsky.txt,SOV,Khatangsky,488298,0,0,0,2,0,0,0,0,rural,wikidata/admin1,0,0,0,0,0,0,0,0,0,0,0,0
879,879-Kargopol.txt,SOV,Kargopol,292810,0,0,0,2,0,0,0,0,rural,wikidata/admin1,0,0,0,0,0,0,0,0,0,0,0,0
880,880-Kotlas.txt,SOV,Kotlas,570119,0,0,0,2,0,0,0,0,rural,wikidata/admin1,0,0,0,0,0,0,0,0,0,0,0,0
881,881-Karagandy.txt,KAZ,Karagandy,2093784,1,0,0,2,0,1,0,0,large_town,wikidata/admin1,7,5,0,1,0,7,9,0,0,0,0,0
882,882-Pavlodar.txt,KAZ,Pavlodar,1175023,0,0,0,2,0,0,0,0,town,wikidata/admin1,4,4,0,0,0,4,0,0,0,0,0,0
883,883-Kassala.txt,SUD,Kassala,5537899,0,0,0,1,0,0,0,0,city,wikidata/admin1,0,0,0,0,0,0,0,0,0,0,0,0
884,884-Upper Nile.txt,SSD,Upper Nile,2666739,0,0,0,2,0,0,0,0,large_town,wikidata/admin1,1,0,0,0,0,0,0,0,0,0,0,0
885,885-Bahr al Ghazal.txt,SSD,Bahr al Ghazal,6736727,1,1,0,1,0,0,0,0,city,manual/2026,4,0,0,0,0,0,0,0,0,0,0,0
886,886-Blue Nile.txt,SUD,Blue Nile,2436667,0,0,0,1,0,0,0,0,large_town,wikidata/admin1,0,0,0,0,0,0,0,0,0,0,0,0
887,887-South Darfur.txt,RSF,South Darfur,6443007,1,1,0,2,0,0,0,0,city,manual/2026,0,0,0,0,0,0,0,0,0,0,0,0
888,888-Lusambo.txt,COG,Lusambo,21646041,0,0,0,1,0,1,0,0,large_city,wikidata/admin1,0,0,0,0,0,0,0,0,0,0,0,0
889,889-Elisabethville.txt,COG,Elisabethville,17659828,0,0,0,1,0,1,0,0,large_city,wikidata/admin1,0,0,0,0,0,0,70,0,0,68,0,0
890,890-Costermansville.txt,COG,Kalemie,7522899,0,0,0,1,0,1,0,0,city,wikidata/admin1,0,0,0,0,0,0,0,0,0,0,0,0
891,891-Zambesi.txt,ANG,Zambesi,6972279,1,0,0,1,0,1,0,0,city,manual/2026,0,0,0,0,0,0,0,0,0,0,0,0
892,892-South West Angola.txt,ANG,South West Angola,6135606,0,0,0,1,0,1,0,0,city,manual/2026,0,0,0,0,0,0,0,0,0,0,0,0
893,893-Karas.txt,NMB,Karas,507503,0,0,0,2,0,0,0,0,rural,wikidata/admin1,0,0,0,0,0,0,0,0,0,0,0,0
894,894-Kuneme.txt,NMB,Kunene,401115,0,0,0,2,0,0,0,0,rural,wikidata/admin1,0,0,0,0,0,0,0,0,0,0,0,0
895,895-Kavango.txt,NMB,Otjozondjupa,664567,0,0,0,2,0,0,0,0,rural,wikidata/admin1,0,0,0,0,0,0,0,0,0,0,0,0
896,896-Manica e Sofala.txt,MZB,Manica e Sofala,5309379,0,0,0,1,0,0,0,0,city,wikidata/admin1,0,0,0,1,0,0,0,1,0,0,0,0
897,897-Zambezia-Mocambique.txt,MZB,Zambezia-Moçambique,12213101,0,0,0,1,0,0,0,0,large_city,wikidata/admin1,0,0,0,2,0,0,0,2,0,0,0,0
898,898-Gao.txt,AZA,Gao,3567919,0,1,0,1,0,0,0,0,large_town,manual/2026,0,0,0,0,0,0,0,0,0,0,0,0
899,899-Kayes-Koulikoro.txt,MLI,Kayes-Koulikoro,14331957,1,0,0,1,0,0,0,0,large_city,manual/2026,0,0,0,0,0,0,0,0,0,0,0,0
900,900-Benue.txt,NGA,Benue,50433483,1,0,0,2,0,1,0,0,megalopolis,wikidata/admin1,12,0,0,0,0,0,0,0,0,0,0,1
901,901-Borno.txt,NGA,Borno,51473174,1,0,0,2,0,1,0,0,megalopolis,wikidata/admin1,12,0,0,0,0,0,0,0,0,0,0,1
902,902-Sokoto.txt,NGA,Sokoto,43900942,0,0,0,2,0,1,0,0,megalopolis,wikidata/admin1,10,0,0,0,0,0,0,0,0,0,0,1
903,903-Garissa.txt,KEN,Garissa,2802826,0,0,0,2,0,1,0,0,large_town,wikidata/admin1,0,0,0,0,0,0,0,0,0,0,0,0
904,904-Nyanza-Rift Valley.txt,KEN,Nyanza-Rift Valley,33335991,1,1,0,3,0,1,0,0,metropolis,wikidata/admin1,0,0,0,0,0,0,0,0,0,0,0,0
905,905-Mombasa.txt,KEN,Mombasa,4025359,0,0,0,2,0,1,0,0,large_town,wikidata/admin1,0,0,0,0,0,0,0,0,0,0,0,0
906,906-Socotra.txt,STC,Socotra,114319,0,0,0,1,0,0,0,1,small_island,manual/2026,0,0,0,0,0,0,0,0,0,0,0,0
907,907-Cairo.txt,EGY,Cairo,63850673,3,2,0,4,0,1,1,0,megalopolis,wikidata/admin1,12,0,1,2,0,0,0,0,0,0,0,0
908,908-Afar.txt,ETH,Afar,4294649,0,0,0,1,0,1,0,0,large_town,wikidata/admin1,0,0,0,0,0,0,0,0,0,0,0,0
909,909-South Schleswig.txt,GER,Schleswig,520714,0,0,0,5,0,0,0,0,rural,census/admin,0,0,0,0,0,0,0,0,0,0,0,0
910,910-Bornholm.txt,DEN,Bornholm,62342,0,0,0,5,0,0,0,1,small_island,manual/2026,0,0,0,0,0,0,0,0,0,0,0,0
911,911-Fyn.txt,DEN,Fyn,949424,0,0,0,5,0,0,0,0,town,wikidata/admin1,0,0,0,0,0,0,0,0,0,0,0,0
912,912-Sonderjylland.txt,DEN,Southern Jutland,977348,1,1,0,5,0,0,0,0,town,wikidata/admin1,1,0,0,0,0,0,0,0,0,0,0,0
913,913-Ostergotland.txt,SWE,Östergötland,792718,1,3,0,5,0,0,0,4,rural,wikidata/admin1,0,0,0,0,0,0,0,0,0,0,0,0
914,914-JanMayen.txt,SWE,Jan Mayen,1000,0,0,0,5,0,0,0,2,tiny_island,manual/2026,0,0,0,0,0,0,0,0,0,0,0,0
915,915-Bohuslan.txt,SWE,Bohuslän,2985204,1,0,0,5,0,1,1,0,large_town,wikidata/admin1,0,0,1,0,0,0,1,0,0,0,0,0
916,916-Dalarna.txt,SWE,Dalarna,480537,0,0,0,5,0,0,0,0,rural,wikidata/admin1,0,0,0,0,0,0,0,0,0,0,0,0
917,917-Jamtland.txt,SWE,Jämtland,222769,0,0,0,5,0,0,0,0,rural,wikidata/admin1,0,0,0,0,0,0,0,0,0,0,0,0
918,918-Vasterbotten.txt,SWE,Västerbotten,466209,0,0,0,5,0,0,0,0,rural,wikidata/admin1,0,0,0,0,0,0,0,0,0,0,0,0
919,919-Varmland.txt,SWE,Värmland,474188,0,0,0,5,0,0,0,0,rural,wikidata/admin1,0,0,0,0,0,0,0,0,0,0,0,0
920,920-Opplandene.txt,NOR,Opplandene,250486,0,0,0,4,0,0,0,0,rural,wikidata/admin1,0,0,0,0,0,0,0,0,0,0,0,0
921,921-Telemark.txt,NOR,Telemark,229041,0,1,0,4,0,0,0,1,rural,wikidata/admin1,0,0,0,4,0,0,0,0,0,0,0,0
922,922-Agder.txt,NOR,Agder,428077,1,0,0,4,0,0,0,1,rural,wikidata/admin1,0,0,0,0,0,0,0,0,0,0,0,0
923,923-Helgeland.txt,NOR,Helgeland,321636,0,0,0,4,0,0,0,0,rural,wikidata/admin1,0,0,0,0,0,0,0,0,0,0,0,0
924,924-Troms.txt,NOR,Troms,220966,0,0,0,4,0,0,0,0,rural,wikidata/admin1,25,0,0,0,0,0,0,0,0,0,0,0
925,925-Finnmark.txt,NOR,Finnmark,99494,0,0,0,3,0,0,0,1,pastoral,wikidata/admin1,0,0,0,0,0,0,0,0,0,0,0,0
926,926-Turku.txt,FIN,Turku,707784,0,0,0,5,0,0,0,0,rural,wikidata/admin1,0,0,0,0,0,0,0,0,0,0,0,0
927,927-Hame.txt,FIN,Häme,883727,1,2,0,5,0,0,0,1,town,wikidata/admin1,0,0,0,0,0,0,0,0,0,0,0,0
928,928-Kyme.txt,FIN,Kymi,268682,0,0,0,5,0,0,0,0,rural,wikidata/admin1,0,0,0,0,0,0,0,0,0,0,0,0
929,929-Oulu.txt,FIN,Oulu,400421,0,0,0,5,0,0,0,0,rural,wikidata/admin1,0,0,0,0,0,8,0,0,0,0,0,0
930,930-Mikkeli.txt,FIN,Mikkeli,385031,0,0,0,5,0,0,0,0,rural,wikidata/admin1,0,0,0,0,0,0,0,0,0,0,0,0
931,931-Cumbria.txt,ENG,Cumbria,615337,0,0,2,4,0,0,0,2,rural,census/admin,0,0,0,0,0,0,0,0,0,0,0,0
932,932-Isle of Man.txt,ENG,Isle of Man,103377,0,0,0,4,0,0,0,1,small_island,census/admin,0,0,0,0,0,0,0,0,0,0,0,0
933,933-Shetland.txt,ENG,Shetland Islands,28305,0,0,0,4,0,0,0,2,tiny_island,census/admin,8,0,0,0,0,0,0,0,0,0,0,0
934,934-Shkoder.txt,ALB,Shkodër,454787,0,0,0,2,0,0,0,0,rural,wikidata/admin1,0,0,0,0,0,1,0,0,0,0,0,0
935,935 - Ceara.txt,BRA,Ceará,9709592,1,0,0,3,0,1,1,0,city,census/admin,0,0,0,1,0,0,1,0,0,0,0,0
936,936 - Pernambuco.txt,BRA,Pernambuco,10026209,1,0,0,3,0,1,1,0,city,census/admin,0,0,0,1,0,0,1,0,0,0,0,0
937,937 - Piaui.txt,BRA,Piauí,3452392,0,0,0,3,0,1,0,0,large_town,wikidata/admin1,0,0,0,0,0,0,0,0,0,0,0,0
938,938 - Para.txt,BRA,Pará,9076358,1,0,0,3,0,1,1,0,city,census/admin,0,0,0,1,0,0,0,0,0,0,0,0
939,939 - Amapa.txt,BRA,Amapá,841908,0,0,0,3,0,0,0,0,town,wikidata/admin1,0,0,0,0,0,0,0,0,0,0,0,0
940,940 - Acre.txt,BRA,Acre,930786,0,0,0,3,0,0,0,0,town,wikidata/admin1,0,0,0,0,0,0,0,0,0,0,0,0
941,941 - Tocantins.txt,BRA,Tocantins,1688625,0,0,0,3,0,0,0,0,town,manual/2026,0,0,0,0,0,0,0,0,0,0,0,0
942,942 - Rondonia.txt,BRA,Guaporé,1668779,0,0,0,3,0,0,0,0,town,wikidata/admin1,0,0,0,0,0,0,0,0,0,0,0,0
943,943 - Espirito Santo.txt,BRA,Espírito Santo,4336080,0,0,0,3,0,1,0,0,large_town,wikidata/admin1,15,0,1,0,0,0,0,0,0,0,0,0
944,944 - Parana.txt,BRA,Paraná,12453607,2,0,0,3,1,1,1,0,large_city,census/admin,0,0,0,1,0,1,1,0,0,0,0,0
945,945 - Cerro Largo.txt,URG,Cerro Largo,203113,0,0,0,2,0,0,0,0,rural,wikidata/admin1,0,0,0,0,0,0,0,0,0,0,0,0
946,946 - Paysandu.txt,URG,Paysandú,271882,0,0,0,2,0,0,0,0,rural,wikidata/admin1,0,0,0,0,0,0,0,0,0,0,0,0
947,947 - Tacna.txt,PRU,Tacna-Moquegua,884778,0,0,0,2,0,0,0,0,town,wikidata/admin1,0,0,0,0,0,0,35,0,0,0,0,0
948,948 - Easter Island.txt,CHL,Easter Island,15548,0,0,0,2,0,0,0,1,small_island,manual/2026,0,0,0,0,0,0,0,0,0,0,0,0
949,949 - Aysen.txt,CHL,Aysén,205623,0,0,0,2,0,0,0,0,rural,wikidata/admin1,0,0,0,0,0,0,0,0,0,0,0,0
950,950 - Araucania.txt,CHL,Araucanía,2014060,1,0,0,2,0,1,0,0,large_town,wikidata/admin1,0,0,0,0,0,0,0,0,0,0,0,0
951,951 - Arica.txt,CHL,Arica y Tarapacá,737129,0,0,0,2,0,0,0,0,rural,wikidata/admin1,0,0,0,0,0,0,9,0,0,0,0,0
952,952 - Atacama.txt,CHL,Atacama,596351,0,0,0,2,0,0,0,0,rural,wikidata/admin1,0,0,0,0,0,0,38,0,9,0,0,0
953,953 - Tierra del Fuego.txt,ARG,Tierra del Fuego,239926,0,0,0,2,0,0,0,0,rural,wikidata/admin1,0,0,0,0,0,0,0,0,0,0,0,0
954,954 - Santa Cruz.txt,ARG,Santa Cruz,435623,0,0,0,2,0,0,0,0,rural,wikidata/admin1,0,0,0,0,0,0,0,0,0,0,0,0
955,955 - Chubut.txt,ARG,Chubut,765538,0,0,0,2,0,0,0,0,rural,wikidata/admin1,0,0,0,0,0,0,0,0,0,0,0,0
956,956 - Santa Fe.txt,ARG,Santa Fe,4579256,1,0,0,2,0,1,0,0,large_town,wikidata/admin1,3,0,0,0,0,0,0,0,0,0,0,0
957,957 - Formosa.txt,ARG,Formosa,784654,0,0,0,2,0,0,0,0,rural,wikidata/admin1,1,0,0,0,0,0,0,0,0,0,0,0
958,958 - San Luis.txt,ARG,San Luis y La Pampa,700236,0,0,0,2,0,0,0,0,rural,wikidata/admin1,0,0,0,0,0,0,0,0,0,0,0,0
959,959 - Los Andes.txt,ARG,Los Andes,2841925,1,0,0,2,0,1,0,0,large_town,manual/2026,2,0,0,0,0,0,0,0,0,0,0,0
960,960 - San Juan.txt,ARG,San Juan y La Rioja,1062948,0,0,0,2,0,0,0,0,town,wikidata/admin1,1,0,0,0,0,0,0,0,0,0,0,0
961,961-Deep Amazonas.txt,BRA,Amazon,37103,0,0,0,2,0,0,0,2,wasteland,wikidata/admin1,8,0,0,0,0,0,0,0,0,0,0,1
962,962-Deep Amazonas.txt,BRA,Amazon,10167,0,0,0,2,0,0,0,2,wasteland,wikidata/admin1,8,0,0,0,0,0,0,0,0,0,0,1
963,963-Deep Amazonas.txt,BRA,Amazon,20749,0,0,0,2,0,0,0,2,wasteland,wikidata/admin1,8,0,0,0,0,0,0,0,0,0,0,1
964,964-Deep Amazonas.txt,BRA,Amazon,1318988,0,0,0,2,0,0,0,0,town,wikidata/admin1,8,0,0,0,0,0,0,0,0,0,0,1
965,965-Deep Amazonas.txt,BRA,Amazon,1033711,0,0,0,2,0,0,0,0,town,wikidata/admin1,8,0,0,0,0,0,0,0,0,0,0,0
966,966-Deep Amazonas.txt,BRA,Amazon,496042,0,0,0,2,0,0,0,0,rural,wikidata/admin1,7,0,0,0,0,0,0,0,0,0,0,0
967,967-Deep Amazonas.txt,BRA,Amazon,46307,0,0,0,2,0,0,0,2,wasteland,wikidata/admin1,7,0,0,0,0,0,0,0,0,0,0,0
968,968-Deep Amazonas.txt,BRA,Amazon,1325634,0,0,0,2,0,0,0,0,town,wikidata/admin1,7,0,0,0,0,0,0,0,0,0,0,0
969,969-Rio Branco.txt,BRA,Rio Branco,686004,0,0,0,3,0,0,0,0,rural,manual/2026,0,0,0,0,0,0,0,0,0,0,0,0
970,970 - Western Macedonia.txt,MAC,Debar,15316,0,0,0,2,0,0,0,2,wasteland,wikidata/admin1,0,0,0,0,0,0,0,0,0,0,0,0
971,971 - Northern Dobruja.txt,ROM,Northern Dobruja,804901,0,0,0,2,0,0,0,0,town,wikidata/admin1,0,0,0,0,0,0,0,0,0,0,0,0
972,972 - South Sudetenland.txt,CZE,South Sudetenland,1221657,0,0,0,3,0,0,0,0,town,wikidata/admin1,0,0,0,0,0,0,0,0,0,0,0,0
973,973 - Bacs.txt,HUN,Bács-Kiskun,505810,0,0,0,3,0,0,0,0,rural,wikidata/admin1,0,0,0,0,0,0,0,0,0,0,0,0
974,974 - South Transdanubia.txt,HUN,South Transdanubia,1139867,0,1,0,3,0,0,0,0,town,wikidata/admin1,0,0,0,0,0,0,0,0,0,0,0,0
975,975 - Burgenland.txt,AUS,Burgenland,416684,0,0,0,4,0,0,0,0,rural,wikidata/admin1,0,0,0,0,0,0,0,0,0,0,0,0
976,976 - Steiermark Karnten.txt,AUS,Steiermark-Kärnten,2543006,1,0,0,4,0,1,1,0,large_town,wikidata/admin1,0,0,1,0,1,0,0,0,0,0,0,0
977,977 - Antwerp.txt,BEL,Antwerp,3006267,1,0,0,5,0,1,0,0,large_town,wikidata/admin1,0,0,0,0,0,0,0,0,0,0,0,0
978,978 - Actual Baden.txt,GER,Baden,3588765,3,0,0,5,0,1,0,1,large_town,census/admin,0,0,0,0,0,0,0,0,0,0,0,0
979,979 - Kaiser Wilhelms Land.txt,PNG,New Guinea,1691420,0,0,0,1,0,0,0,0,town,manual/2026,0,0,0,0,0,0,0,0,0,0,0,0
980,980 - Ardennes.txt,BEL,Ardennes,463192,0,0,0,5,0,0,0,0,rural,wikidata/admin1,0,0,0,0,0,0,0,0,0,0,0,0
981,981 - Barotseland.txt,ZAM,Barotseland,1297074,0,0,0,1,0,0,0,0,town,manual/2026,0,0,0,0,0,0,0,0,0,0,0,0
982,982 - Madras States.txt,RAJ,Madras States,34351542,2,1,1,4,1,1,0,0,metropolis,census/admin,1,0,0,0,0,0,0,0,0,0,0,14
983,983 - Deccan States.txt,RAJ,Kolhapur and Deccan,7851781,0,0,0,3,0,1,0,0,city,census/admin,0,0,0,0,0,0,0,0,0,0,0,0
984,984 - Bastar.txt,RAJ,Bastar,2944418,0,0,0,3,0,1,0,0,large_town,census/admin,0,0,0,0,0,0,0,0,0,0,0,0
985,985 - Sikkim.txt,RAJ,Sikkim,687031,0,0,0,3,0,0,0,0,rural,census/admin,0,0,0,0,0,0,0,0,0,0,0,0
986,986 - East Punjab.txt,RAJ,East Punjab,70666030,2,0,0,4,1,1,1,0,megalopolis,census/admin,1,0,0,0,0,0,0,0,0,0,0,0
987,987 - Waziristan.txt,PAK,Waziristan,3240720,0,0,0,1,0,1,0,0,large_town,wikidata/admin1,0,0,0,0,0,0,0,0,0,0,0,0
988,988-Baluchistan.txt,PAK,North Baluchistan,3168289,0,0,0,1,0,1,0,0,large_town,wikidata/admin1,0,0,0,0,0,0,0,0,0,0,0,0
989,989-Bahawalpur.txt,PAK,Bahawalpur,92928828,2,0,0,2,1,1,0,0,megalopolis,wikidata/admin1,1,0,0,0,0,1,0,0,0,0,0,0
990,990-Manipur.txt,RAJ,Manipur,3140712,0,0,0,3,0,1,0,0,large_town,census/admin,0,0,0,0,0,0,0,0,0,0,0,0
991,991-Gwalior.txt,RAJ,Gwalior,14722089,1,0,0,3,1,1,0,0,large_city,census/admin,0,0,0,0,0,0,0,0,0,0,0,0
992,992-Province of Aden.txt,STC,Aden,1905316,0,1,0,2,0,0,0,0,town,manual/2026,0,0,0,0,0,0,0,0,0,0,0,0
993,993-Kentung and Yawnghwe.txt,NUG,Kentung and Yawnghwe,450604,0,0,0,1,0,0,0,0,rural,manual/2026,0,0,0,0,0,0,0,0,0,0,0,0
994,994-Tenasserim.txt,BRM,Tenasserim,2293426,0,0,0,1,0,1,0,0,large_town,manual/2026,0,0,0,0,0,0,0,0,0,0,1,4
995,995-Pegu.txt,BRM,Pegu,8026990,0,1,0,2,0,1,0,0,city,manual/2026,0,0,0,0,0,0,0,0,0,0,2,0
996,996-Irrawaddy.txt,BRM,Irrawaddy,10156599,0,0,0,1,0,1,0,0,city,manual/2026,0,0,0,0,1,0,0,0,0,0,2,4
997,997-Arakan.txt,NUG,Arakan,4033639,0,0,0,1,0,0,0,0,large_town,manual/2026,0,0,0,0,0,0,0,0,0,0,0,0
998,998-Sagaing.txt,NUG,Sagaing,6680715,0,0,0,1,0,0,0,0,city,manual/2026,0,0,0,0,0,0,0,0,0,0,0,0
999,999-Federated Shan States.txt,NUG,Federated Shan,6860366,1,1,0,2,0,0,0,0,city,manual/2026,0,0,0,0,0,0,0,0,0,0,0,0
1000,1000-East Azerbaijan.txt,PER,East Azerbaijan,4416354,0,0,0,1,0,1,0,0,large_town,wikidata/admin1,1,0,0,0,0,0,0,0,0,0,0,0
1001,1001-Kurdistan.txt,PER,Kurdistan,2379832,0,0,0,1,0,1,0,0,large_town,wikidata/admin1,0,0,0,0,0,0,0,0,0,0,0,0
1002,1002-Yazd.txt,PER,Yazd,2405884,0,0,0,1,0,1,0,0,large_town,wikidata/admin1,0,0,1,0,0,0,0,0,0,0,0,0
1003,1003-South Khorasan.txt,PER,South Khorasan,1624792,0,0,0,1,0,0,0,0,town,wikidata/admin1,0,0,0,0,0,0,0,0,0,0,0,0
1004,1004-North Khorasan.txt,PER,North Khorasan,351216,0,0,0,1,0,0,0,0,rural,wikidata/admin1,0,0,0,0,0,0,0,0,0,0,0,0
1005,1005-Qataghan.txt,AFG,Qataghan,8429111,0,0,0,1,0,0,0,0,city,manual/2026,0,0,0,0,0,0,0,0,0,0,0,0
1006,1006-Khyber Pass.txt,AFG,Nangarhar,3849733,0,0,0,1,0,0,0,0,large_town,wikidata/admin1,0,0,0,0,0,0,0,0,0,0,0,0
1007,1007-Maymanah.txt,AFG,Maymanah,5323649,0,0,0,1,0,0,0,0,city,manual/2026,0,0,0,0,0,0,0,0,0,0,0,0
1008,1008-Qandahar.txt,AFG,Qandahar,9316386,0,0,0,1,0,0,0,0,city,manual/2026,0,0,0,0,0,0,0,0,0,0,0,0
1009,1009-Farah.txt,AFG,Farah,1248897,0,0,0,1,0,0,0,0,town,wikidata/admin1,0,0,0,0,0,0,0,0,0,0,0,0
1010,1010-Al Anbar.txt,IRQ,Al Anbar,2485531,0,0,0,1,0,1,0,0,large_town,wikidata/admin1,0,0,0,0,0,0,0,0,0,0,0,0
1011,1011-Al Basrah.txt,IRQ,Al Basrah,3829116,0,0,0,1,0,1,0,0,large_town,wikidata/admin1,102,0,0,0,0,0,0,0,0,0,0,0
1012,1012-Kalat.txt,PAK,Kalat,1350852,0,0,0,1,0,0,0,0,town,wikidata/admin1,0,0,0,0,0,0,0,0,0,0,0,0
1013,1013 -Musamdam.txt,OMA,Musandam,167067,0,0,0,2,0,0,0,1,pastoral,wikidata/admin1,0,0,0,0,0,0,0,0,0,0,0,0
1014,1014 - Bahrain.txt,BHR,Bahrain,1675572,1,0,0,4,0,0,0,0,town,country-wpp2026,7,0,0,19,0,0,0,0,0,0,0,0
1015,1015 - Interior Oman.txt,OMA,Oman,176182,0,0,0,2,0,0,0,1,pastoral,manual/2026,15,0,0,0,0,0,0,0,0,0,0,0
1016,1016 - Dhofar.txt,OMA,Dhofar,1418130,1,0,0,3,0,0,0,0,town,wikidata/admin1,23,0,0,1,0,1,0,0,0,0,0,0
1017,1017 - Trung Bo.txt,VIN,Da Nang,3565089,0,0,0,3,0,1,0,0,large_town,wikidata/admin1,0,0,0,0,0,0,0,0,0,0,0,0
1018,1018 - South Kyushu.txt,JAP,Minami Kyūshū,4491380,0,0,1,5,0,1,0,0,large_town,census/admin,0,0,0,0,0,0,0,0,0,0,0,0
1019,1019 - South Tohoku.txt,JAP,Minami Tohoku,4990422,1,0,0,5,0,1,0,0,large_town,census/admin,0,0,0,0,0,0,0,0,0,0,0,0
1020,1020 - Sanin.txt,JAP,San'in,1297510,0,0,0,5,0,0,0,0,town,census/admin,0,0,0,0,0,0,0,0,0,0,0,0
1021,1021 - Actual Singapore.txt,SNG,Singapore,5905748,4,3,1,5,0,2,0,6,city,country-wpp2026,0,0,0,0,0,0,0,0,0,0,0,0
1022,1022 - Interior Borneo.txt,INS,Interior Borneo,4457735,0,0,0,2,0,0,0,2,enclave,wikidata/admin1,0,0,0,0,0,0,0,0,0,0,0,0
1023,1023 - Brunei.txt,BRN,Brunei,469775,1,0,0,2,0,0,0,1,rural,wikidata/admin1,4,0,0,0,0,0,0,0,0,0,0,0
1024,1024 - Sabah.txt,MAL,Sabah,4829434,1,0,0,4,0,1,0,0,large_town,wikidata/admin1,3,0,1,1,0,0,0,0,0,0,0,0
1025,1025 - Zamboanga.txt,PHI,Zamboanga,6373137,0,0,0,3,0,1,0,0,city,wikidata/admin1,0,0,0,0,0,0,0,0,0,0,0,0
1026,1026 - North Mindanao.txt,PHI,Northern Mindanao,8368039,0,0,0,3,0,1,0,0,city,wikidata/admin1,0,0,0,0,0,0,0,0,0,1,0,2
1027,1027 - Bataan.txt,PHI,Bataan,1440544,0,0,0,3,0,0,0,0,town,wikidata/admin1,0,0,0,0,0,0,0,0,0,0,0,0
1028,1028 - Hamgyong.txt,DPK,Hamgyong,15188184,1,2,1,2,0,0,0,0,large_city,wikidata/admin1,0,1,0,0,2,0,0,1,0,0,0,0
1029,1029 - Gangwon.txt,KOR,Gangwon,1537876,0,0,0,5,0,0,0,0,town,census/admin,0,0,0,0,0,0,0,0,0,0,0,0
1030,1030 - Gyeongsang.txt,KOR,Gyeongsang,12910740,8,7,13,5,1,2,1,26,large_city,census/admin,0,0,9,0,0,0,0,0,0,0,0,0
1031,1031 - Chungcheong Jeolla.txt,KOR,Chungcheong-Jeolla,11354248,4,0,0,5,0,2,0,2,city,census/admin,0,0,0,0,0,0,0,0,0,0,0,0
1032,1032 - Yanan.txt,CHI,Yan'an,13431111,1,0,0,5,1,1,1,0,large_city,census/admin,1,1,0,1,1,0,0,1,0,0,1,1
1033,1033 - Fangchenggang.txt,CHI,Nanlu,3064824,0,0,0,5,0,1,0,0,large_town,census/admin,1,1,0,1,0,0,0,1,0,0,0,0
1034,1034 - Suzhou.txt,CHI,Suzhou,6874142,7,0,0,5,0,2,1,6,city,census/admin,1,1,0,1,0,0,0,1,0,0,0,0
1035,1035 - Nanjing.txt,CHI,Nanjing,2795905,0,0,0,5,0,1,0,0,large_town,census/admin,1,1,0,1,0,0,0,1,0,0,0,0
1036,1036 - Wuhan.txt,CHI,Wuhan,1110571,3,2,0,5,0,0,0,3,town,census/admin,1,1,0,1,0,0,0,1,0,0,0,0
1037,1037 - Chongqing.txt,CHI,Chongqing,31113497,6,0,0,5,1,2,2,3,metropolis,census/admin,1,1,0,1,0,0,0,1,0,0,0,0
1038,1038 - Jinan.txt,CHI,Jinan,81934683,8,0,0,5,1,2,7,8,megalopolis,census/admin,1,1,0,1,0,1,0,0,0,0,0,0
1039,1039 - Hebei-Chahar.txt,CHI,Hebei-Chahar,1906901,0,0,0,5,0,0,0,0,town,census/admin,1,1,30,1,0,0,0,0,0,0,0,0
1040,1040 - Alxa.txt,CHI,Alxa,2898405,0,0,0,5,0,1,0,0,large_town,census/admin,1,0,0,1,0,0,0,0,0,0,0,0
1041,1041 - Chengdu.txt,CHI,Chengdu,16353387,2,4,0,5,1,1,1,3,large_city,census/admin,1,0,0,1,0,0,0,0,0,0,0,0
1042,1042 - Khotan.txt,CHI,Khotan,4192358,0,0,0,5,0,1,0,0,large_town,census/admin,1,0,0,1,0,0,0,0,0,0,0,0
1043,1043 - Pailingmiao.txt,CHI,Pailingmiao,203281,0,0,0,5,0,0,0,0,rural,census/admin,1,0,0,1,0,0,0,0,0,0,0,0
1044,1044 - Wuwei.txt,CHI,Wuwei,1827346,0,0,0,5,0,0,0,0,town,census/admin,1,0,0,1,0,0,0,0,0,0,0,0
1045,1045 - Guyuan.txt,CHI,Guyuan,378150,0,0,0,5,0,0,0,0,rural,census/admin,1,0,0,0,0,0,0,0,0,0,0,0
1046,1046 - Yulin.txt,CHI,Yulin,371275,0,0,0,5,0,0,0,0,rural,census/admin,1,0,0,0,0,0,0,0,0,0,0,0
1047,1047-Bangka-Belitung.txt,INS,Bangka-Belitung,1923375,0,0,0,2,0,0,0,1,small_island,wikidata/admin1,0,0,0,0,0,0,0,0,0,0,0,0
1048,1048-Padang.txt,INS,Padang,7329548,1,0,0,2,0,1,0,0,city,wikidata/admin1,1,0,0,0,0,0,0,0,0,0,0,0
1049,1049-Medan and Riouw.txt,INS,Medan and Riouw,30768856,2,0,0,3,1,1,0,0,metropolis,wikidata/admin1,3,0,1,1,0,0,0,0,0,0,0,0
1050,1050-Ajteh.txt,INS,Atjeh,6791600,0,0,0,2,0,1,0,0,city,wikidata/admin1,1,0,0,0,0,0,0,0,0,0,0,0
1051,1051-East Java.txt,INS,East Java,52513861,4,1,1,3,1,2,0,0,megalopolis,wikidata/admin1,4,0,1,1,0,0,0,0,0,0,0,8
1052,1052-Bali.txt,INS,Bali,5479014,0,0,0,2,0,0,0,1,small_island,wikidata/admin1,0,0,0,0,0,0,0,0,0,0,0,0
1053,1053-East Nusa Tenggara.txt,INS,East Nusa Tenggara,7103239,1,0,0,2,0,0,0,2,small_island,wikidata/admin1,1,0,0,0,0,0,0,0,0,0,0,0
1054,1054-Dutch Timor.txt,INS,Dutch Timor,7103239,1,0,0,2,0,0,0,2,small_island,wikidata/admin1,1,0,0,0,0,0,0,0,0,0,0,0
1055,1055-Eastern Kalimantan.txt,INS,East Kalimantan,5081152,0,0,0,2,0,1,0,0,city,wikidata/admin1,0,20,0,0,0,0,0,0,0,0,0,16
1056,1056-Manado.txt,INS,Manado,4935094,0,0,0,2,0,1,0,0,large_town,wikidata/admin1,0,0,0,0,0,0,0,0,0,0,0,0
1057,1057-Dutch Southern New Guinea.txt,INS,Dutch Papua,5704946,0,0,0,2,0,1,0,0,city,wikidata/admin1,0,0,0,0,0,0,15,0,0,0,0,0
1058,1058-Batavia.txt,INS,Batavia,29596735,2,0,0,3,1,1,0,0,metropolis,wikidata/admin1,2,0,0,1,0,0,0,0,0,0,0,0
1059,1059 - Limbang.txt,MAL,Limbang,70631,0,0,0,3,0,0,0,1,pastoral,manual/2026,0,0,0,0,0,0,0,0,0,0,0,0
1060,1060 - Johor.txt,MAL,Johor,4729841,1,0,0,4,0,1,0,0,large_town,wikidata/admin1,2,0,0,1,0,0,0,0,0,0,0,5
1061,1061 - Perlis Kedah.txt,MAL,Perlis-Kedah,355273,0,1,0,4,0,0,0,1,rural,wikidata/admin1,0,0,0,0,0,0,0,0,0,0,0,0
1062,1062 - Kelantan.txt,MAL,Kelantan-Terengganu,2532116,0,0,0,4,0,1,0,0,large_town,wikidata/admin1,1,0,0,1,0,0,0,0,0,0,0,0
1063,1063 - Pahang.txt,MAL,Pahang,2038922,0,0,0,4,0,1,0,0,large_town,wikidata/admin1,1,0,0,1,0,0,0,0,0,0,0,0
1064,1064 - Perak.txt,MAL,Perak,3190294,1,1,1,4,0,1,0,1,large_town,wikidata/admin1,2,0,0,1,0,0,0,0,0,0,0,4
1065,1065 - Penang.txt,MAL,Penang,2458518,0,0,0,4,0,1,0,0,large_town,wikidata/admin1,1,0,0,1,0,0,0,0,0,0,0,0
1066,1066 - Mekong Delta.txt,VIN,Cochinchina,27813738,2,1,0,4,1,1,1,0,metropolis,manual/2026,2,1,1,0,0,0,0,0,0,0,0,19
1067,1067 - Battambang.txt,CAM,Battambang,1059007,0,0,0,1,0,0,0,0,town,wikidata/admin1,0,0,0,0,0,0,0,0,0,0,0,0
1068,1068 - Bassac.txt,LAO,Bassac,1993504,0,0,0,1,0,0,0,0,town,manual/2026,0,0,0,0,0,0,1,0,0,0,0,0
1069,1069 - Lan Chang.txt,LAO,Lan Chang,1196103,0,0,0,1,0,0,0,0,town,manual/2026,0,0,0,0,0,0,0,0,0,0,0,0
1070,1070 - Bougainville.txt,PNG,Bougainville,517424,0,0,0,1,0,0,0,1,small_island,wikidata/admin1,0,0,0,0,0,0,0,0,0,0,0,0
1071,1071 - Vanuatu.txt,VAN,Vanuatu,21876,0,0,0,2,0,0,0,1,small_island,country-wpp2026,0,0,0,0,0,0,0,0,0,0,0,0
1072,1072 - American Samoa.txt,USA,American Samoa,46223,0,0,0,4,0,0,0,2,tiny_island,census/admin,1,0,0,0,0,0,0,0,0,0,0,0
1073,1073 - Interior Papua.txt,PNG,Interior Papua,6342826,1,0,0,1,0,0,0,3,enclave,manual/2026,1,0,0,0,0,0,1,0,0,1,0,0
1074,1074 - Central West Australia.txt,AST,Central Western Australia,2177618,1,0,0,2,0,1,0,0,large_town,wikidata/admin1,1,2,0,2,0,0,3,0,20,1,1,0
1075,1075 - West Queensland.txt,AST,West Queensland,1867599,1,0,0,2,0,0,0,0,town,wikidata/admin1,1,7,0,3,0,0,3,0,0,0,0,0
1076,1076 - Bangkok.txt,SIA,Bangkok State,5072874,0,2,0,4,0,1,0,0,city,wikidata/admin1,1,0,0,0,0,0,0,0,0,0,0,30
1077,1077 - Central Siam.txt,SIA,Central Siam,19660058,2,0,0,4,1,1,1,0,large_city,manual/2026,3,1,1,0,1,0,0,0,0,0,1,0
1078,1078 - Eastern Siam.txt,SIA,Eastern Siam,5361834,1,0,0,4,0,1,0,0,city,manual/2026,1,0,0,0,0,0,0,0,0,0,0,0
1079,1079-Auckland.txt,NZL,Auckland,2855802,1,0,0,4,0,1,0,0,large_town,wikidata/admin1,0,0,0,2,0,0,0,0,0,0,0,0
1080,1080 - Marlborough.txt,NZL,Marlborough,79887,0,0,0,3,0,0,0,1,pastoral,wikidata/admin1,0,0,0,0,0,0,0,0,0,0,0,0
1081,1081 - Otago.txt,NZL,Otago,399277,0,0,0,4,0,0,0,0,rural,wikidata/admin1,0,0,0,0,0,0,0,0,0,0,0,0
1082,1082-Balta.txt,UKR,Balta,1271069,0,0,0,1,0,0,0,0,town,wikidata/admin1,0,0,0,0,0,0,0,0,0,0,0,0
1083,1083-Ceuta.txt,SPR,Ceuta,98416,0,0,0,4,0,0,0,2,enclave,wikidata/admin1,0,0,0,0,0,0,0,0,0,0,0,0
1084,1084-Mayotte.txt,FRA,Mayotte,328490,0,0,0,4,0,0,0,2,tiny_island,wikidata/admin1,0,0,0,0,0,0,0,0,0,0,0,0
1085,1085-Gaza.txt,HAM,Gaza,2239781,0,1,0,2,0,0,0,3,enclave,country-wpp2026,0,0,0,0,0,0,0,0,0,0,0,0
1086,1086-West Bank.txt,PAL,West Bank,3453009,1,1,0,2,0,0,0,0,large_town,country-wpp2026,0,0,0,0,0,0,0,0,0,0,0,0
1087,1087-Northern Cyprus.txt,NCY,Northern Cyprus,409464,1,0,0,4,0,0,0,3,enclave,country-wpp2026,0,0,0,0,0,0,0,0,0,0,0,0
1088,1088-Golan Heights.txt,ISR,Golan Heights,44665,0,0,0,3,0,0,0,2,wasteland,manual/2026,0,0,0,0,0,0,0,0,0,0,0,0
1089,1089-South Lebanon.txt,HEZ,South Lebanon,1233867,0,1,0,2,0,0,0,0,town,country-wpp2026,0,0,0,0,0,0,0,0,0,0,0,0
1090,1090-US Virgin Islands.txt,USA,US Virgin Islands,85063,0,0,0,4,0,0,0,2,tiny_island,census/admin,0,0,0,0,0,0,0,0,0,0,0,0
1091,1091-Martinique.txt,FRA,Martinique,369158,0,0,0,4,0,0,0,1,small_island,wikidata/admin1,0,0,0,0,0,0,0,0,0,0,0,0
1092,1092-Saint Martin.txt,FRA,Saint Martin,33123,0,0,0,4,0,0,0,2,tiny_island,wikidata/admin1,0,0,0,0,0,0,0,0,0,0,0,0
1093,1093-Dominica.txt,DMA,Dominica,65511,0,0,0,4,0,0,0,2,tiny_island,country-wpp2026,0,0,0,0,0,0,0,0,0,0,0,0
1094,1094-Saint Lucia.txt,STL,Saint Lucia,180488,0,0,0,4,0,0,0,2,tiny_island,country-wpp2026,0,0,0,0,0,0,0,0,0,0,0,0
1095,1095-Saint Vincent.txt,SVG,Saint Vincent,99245,0,0,0,4,0,0,0,2,tiny_island,country-wpp2026,0,0,0,0,0,0,0,0,0,0,0,0
1096,1096-Grenada.txt,GND,Grenada,117362,0,0,0,3,0,0,0,2,tiny_island,country-wpp2026,0,0,0,0,0,0,0,0,0,0,0,0
1097,1097-Melilla.txt,SPR,Melilla,102166,0,0,0,4,0,0,0,2,enclave,wikidata/admin1,0,0,0,0,0,0,0,0,0,0,0,0
1098,1098-Srem.txt,SER,Srem,283111,0,0,0,1,0,0,0,0,rural,wikidata/admin1,0,0,0,0,0,0,0,0,0,0,0,0
1099,1099-Iraqi Kurdistan.txt,IRQ,Iraqi Kurdistan,10347096,1,0,0,1,0,1,0,0,city,manual/2026,0,0,0,0,0,0,0,0,0,0,0,0
1100,1100-Rojava.txt,ROJ,Northeast Syria,2853938,1,1,0,3,0,0,0,0,large_town,country-wpp2026,0,0,0,0,0,0,0,0,0,0,0,0
1101,1101-South Ossetia.txt,SOE,South Ossetia,56068,0,1,0,3,0,0,0,3,enclave,country-wpp2026,0,0,0,0,0,0,0,0,0,0,0,0
1102,1102-Marib.txt,YEM,Marib,1641296,0,1,0,2,0,0,0,0,town,country-wpp2026,0,0,0,0,0,0,0,0,0,0,0,0
1103,1103-Suwayda.txt,DRZ,Suwayda,381435,0,1,0,2,0,0,0,1,rural,country-wpp2026,0,0,0,0,0,0,0,0,0,0,0,0
1104,1104-Peace Spring.txt,SNA,Peace Spring,355918,0,1,0,2,0,0,0,1,rural,country-wpp2026,0,0,0,0,0,0,0,0,0,0,0,0
1105,1105-Puntland.txt,PNT,Puntland,4483960,0,1,0,2,0,0,0,0,large_town,country-wpp2026,0,0,0,0,0,0,0,0,0,0,0,0
1106,1106-Jilib.txt,SHB,Jilib,3490847,0,1,0,2,0,0,0,0,large_town,country-wpp2026,0,0,0,0,0,0,0,0,0,0,0,0
1107,1107-Goma.txt,M23,Goma,2506287,0,1,0,2,0,0,0,0,large_town,country-wpp2026,0,0,0,0,0,0,0,0,0,0,0,0
1108,1108-Nakhchivan.txt,AZR,Nakhchivan,412100,0,0,0,2,0,0,0,0,rural,wikidata/admin1,1,0,0,0,0,0,0,0,0,0,0,0
1109,1109-Panjshir.txt,NRF,Panjshir,180031,0,1,0,2,0,0,0,3,enclave,country-wpp2026,0,0,0,0,0,0,0,0,0,0,0,0
1110,1110-Lesotho.txt,LES,Lesotho,2389336,1,0,0,2,0,0,0,0,large_town,country-wpp2026,0,0,0,0,0,0,0,0,0,0,0,0
1111,1111-Eswatini.txt,SWZ,Eswatini,1269859,1,0,0,3,0,0,0,0,town,country-wpp2026,0,0,0,0,0,0,0,0,0,0,0,0
1112,1112-Guantanamo Bay.txt,USA,Guantanamo Bay,6120,0,0,0,4,0,0,0,2,enclave,manual/2026,0,0,0,0,0,0,0,0,0,0,0,0
1113,1113-Azov Zaporizhzhia.txt,UKR,Azov Zaporizhzhia,1522488,0,1,0,1,0,0,0,0,town,wikidata/admin1,0,0,0,0,0,0,0,0,0,0,0,0
1114,1114-Left Bank Kherson.txt,UKR,Left-Bank Kherson,563186,0,0,0,1,0,0,0,0,rural,wikidata/admin1,0,0,0,0,0,0,0,0,0,0,0,0
1115,1115-Kramatorsk.txt,UKR,Kramatorsk,401623,0,0,0,1,0,0,0,0,rural,wikidata/admin1,0,0,0,0,0,0,0,0,0,0,0,0
1116,1116-Mocha.txt,YNR,Mocha,701483,0,1,0,3,0,0,0,1,rural,country-wpp2026,0,0,0,0,0,0,0,0,0,0,0,0
1117,1117-Trieste.txt,ITA,Trieste,261757,0,0,1,4,0,0,0,1,rural,wikidata/admin1,0,0,0,0,0,0,0,0,0,0,0,0
1118,1118-Sahrawi Free Zone.txt,WES,Sahrawi Free Zone,610813,0,0,0,1,0,0,0,0,rural,country-wpp2026,0,0,0,0,0,0,0,0,0,0,0,0
1119,1119-Aksai Chin.txt,CHI,Aksai Chin,19501,0,0,0,4,0,0,0,2,wasteland,census/admin,1,0,0,0,0,0,0,0,0,0,0,0
1120,1120-Tel Aviv.txt,ISR,Tel Aviv,1205961,0,4,0,4,0,0,0,2,town,wikidata/admin1,0,0,0,0,0,0,0,0,0,0,0,0
1121,1121-Jonglei.txt,SIO,Jonglei,3032571,0,1,0,2,0,0,0,0,large_town,country-wpp2026,0,0,0,0,0,0,0,0,0,0,0,0
